Legacy URL,Production URL,Status
"https://www.sds-solicitors.com/","https://www.sds-solicitors.com/","200"
"https://www.sds-solicitors.com/about-us/","https://www.sds-solicitors.com/about-us/","200"
"https://www.sds-solicitors.com/about-us/careers/","https://www.sds-solicitors.com/about-us/careers/","200"
"https://www.sds-solicitors.com/about-us/case-studies/","https://www.sds-solicitors.com/about-us/case-studies/","200"
"https://www.sds-solicitors.com/about-us/case-studies/compensation-for-tenant-after-leaks-and-guttering-led-to-severe-damp-and-mould/","https://www.sds-solicitors.com/about-us/case-studies/compensation-for-tenant-after-leaks-and-guttering-led-to-severe-damp-and-mould/","200"
"https://www.sds-solicitors.com/about-us/case-studies/compensation-for-tenant-after-roof-leak-and-widespread-damp/","https://www.sds-solicitors.com/about-us/case-studies/compensation-for-tenant-after-roof-leak-and-widespread-damp/","200"
"https://www.sds-solicitors.com/about-us/case-studies/compensation-for-tenant-after-water-penetration-caused-extensive-internal-damage/","https://www.sds-solicitors.com/about-us/case-studies/compensation-for-tenant-after-water-penetration-caused-extensive-internal-damage/","200"
"https://www.sds-solicitors.com/about-us/case-studies/compensation-recovered-following-persistent-leak-and-worsening-damp/","https://www.sds-solicitors.com/about-us/case-studies/compensation-recovered-following-persistent-leak-and-worsening-damp/","200"
"https://www.sds-solicitors.com/about-us/case-studies/damp-mould-and-unsafe-electrics-ignored-until-legal-action-was-taken/","https://www.sds-solicitors.com/about-us/case-studies/damp-mould-and-unsafe-electrics-ignored-until-legal-action-was-taken/","200"
"https://www.sds-solicitors.com/about-us/case-studies/elderly-tenant-wins-settlement-after-months-without-hot-water/","https://www.sds-solicitors.com/about-us/case-studies/elderly-tenant-wins-settlement-after-months-without-hot-water/","200"
"https://www.sds-solicitors.com/about-us/case-studies/family-wins-boiler-claim-after-years-of-missed-repairs-and-stress/","https://www.sds-solicitors.com/about-us/case-studies/family-wins-boiler-claim-after-years-of-missed-repairs-and-stress/","200"
"https://www.sds-solicitors.com/about-us/case-studies/multiple-defects-and-serious-damp-in-sheffield-home/","https://www.sds-solicitors.com/about-us/case-studies/multiple-defects-and-serious-damp-in-sheffield-home/","200"
"https://www.sds-solicitors.com/about-us/case-studies/persistent-bathroom-leak-and-water-damage/","https://www.sds-solicitors.com/about-us/case-studies/persistent-bathroom-leak-and-water-damage/","200"
"https://www.sds-solicitors.com/about-us/case-studies/severe-flooring-defects-and-pest-infestation/","https://www.sds-solicitors.com/about-us/case-studies/severe-flooring-defects-and-pest-infestation/","200"
"https://www.sds-solicitors.com/about-us/case-studies/severe-pest-infestation-and-lack-of-heating/","https://www.sds-solicitors.com/about-us/case-studies/severe-pest-infestation-and-lack-of-heating/","200"
"https://www.sds-solicitors.com/about-us/case-studies/tenant-wins-settlement-after-unsafe-flat-damages-mental-health/","https://www.sds-solicitors.com/about-us/case-studies/tenant-wins-settlement-after-unsafe-flat-damages-mental-health/","200"
"https://www.sds-solicitors.com/about-us/case-studies/tenant-with-children-wins-settlement-after-years-of-disrepair/","https://www.sds-solicitors.com/about-us/case-studies/tenant-with-children-wins-settlement-after-years-of-disrepair/","200"
"https://www.sds-solicitors.com/about-us/case-studies/tenant-with-respiratory-illness-wins-mould-claim-after-years-of-neglect/","https://www.sds-solicitors.com/about-us/case-studies/tenant-with-respiratory-illness-wins-mould-claim-after-years-of-neglect/","200"
"https://www.sds-solicitors.com/about-us/case-studies/vulnerable-tenant-wins-settlement-after-living-without-heating/","https://www.sds-solicitors.com/about-us/case-studies/vulnerable-tenant-wins-settlement-after-living-without-heating/","200"
"https://www.sds-solicitors.com/about-us/client-questionnaire/","https://www.sds-solicitors.com/about-us/client-questionnaire/","200"
"https://www.sds-solicitors.com/about-us/complaints/","https://www.sds-solicitors.com/about-us/complaints/","200"
"https://www.sds-solicitors.com/about-us/cookies/","https://www.sds-solicitors.com/about-us/cookies/","200"
"https://www.sds-solicitors.com/about-us/news/","https://www.sds-solicitors.com/about-us/news/","200"
"https://www.sds-solicitors.com/about-us/news/better-bake-macmillan/","https://www.sds-solicitors.com/about-us/news/better-bake-macmillan/","200"
"https://www.sds-solicitors.com/about-us/news/can-you-sue-your-landlord-unsafe-living-conditions/","https://www.sds-solicitors.com/about-us/news/can-you-sue-your-landlord-unsafe-living-conditions/","200"
"https://www.sds-solicitors.com/about-us/news/coffee-morning-success-sheldon-davidson-solicitors/","https://www.sds-solicitors.com/about-us/news/coffee-morning-success-sheldon-davidson-solicitors/","200"
"https://www.sds-solicitors.com/about-us/news/damp-mould-and-heating-compensation-claims-how-much-could-you-claim/","https://www.sds-solicitors.com/about-us/news/damp-mould-and-heating-compensation-claims-how-much-could-you-claim/","200"
"https://www.sds-solicitors.com/about-us/news/final-update-marathon/","https://www.sds-solicitors.com/about-us/news/final-update-marathon/","200"
"https://www.sds-solicitors.com/about-us/news/getting-muddy-charity/","https://www.sds-solicitors.com/about-us/news/getting-muddy-charity/","200"
"https://www.sds-solicitors.com/about-us/news/how-defend-against-landlord-making-false-damage-claims/","https://www.sds-solicitors.com/about-us/news/how-defend-against-landlord-making-false-damage-claims/","200"
"https://www.sds-solicitors.com/about-us/news/how-long-can-landlord-leave-you-without-heat/","https://www.sds-solicitors.com/about-us/news/how-long-can-landlord-leave-you-without-heat/","200"
"https://www.sds-solicitors.com/about-us/news/how-long-does-housing-disrepair-claim-take/","https://www.sds-solicitors.com/about-us/news/how-long-does-housing-disrepair-claim-take/","200"
"https://www.sds-solicitors.com/about-us/news/london-marathon/","https://www.sds-solicitors.com/about-us/news/london-marathon/","200"
"https://www.sds-solicitors.com/about-us/news/olympic-torch/","https://www.sds-solicitors.com/about-us/news/olympic-torch/","200"
"https://www.sds-solicitors.com/about-us/news/phase-1-of-the-renters-rights-act-2026/","https://www.sds-solicitors.com/about-us/news/phase-1-of-the-renters-rights-act-2026/","200"
"https://www.sds-solicitors.com/about-us/news/social-housing-rent-increases-in-2026/","https://www.sds-solicitors.com/about-us/news/social-housing-rent-increases-in-2026/","200"
"https://www.sds-solicitors.com/about-us/news/spot-the-early-signs-of-housing-disrepair-before-it-gets-worse/","https://www.sds-solicitors.com/about-us/news/spot-the-early-signs-of-housing-disrepair-before-it-gets-worse/","200"
"https://www.sds-solicitors.com/about-us/news/what-awaabs-law-means-for-tenants-in-social-housing/","https://www.sds-solicitors.com/about-us/news/what-awaabs-law-means-for-tenants-in-social-housing/","200"
"https://www.sds-solicitors.com/about-us/news/what-tenants-need-to-know-about-renters-reform-bill-in-2026/","https://www.sds-solicitors.com/about-us/news/what-tenants-need-to-know-about-renters-reform-bill-in-2026/","200"
"https://www.sds-solicitors.com/about-us/news/what-the-2026-changes-to-awaabs-law-mean-for-tenants/","https://www.sds-solicitors.com/about-us/news/what-the-2026-changes-to-awaabs-law-mean-for-tenants/","200"
"https://www.sds-solicitors.com/about-us/news/what-to-do-when-your-landlord-keeps-delaying/","https://www.sds-solicitors.com/about-us/news/what-to-do-when-your-landlord-keeps-delaying/","200"
"https://www.sds-solicitors.com/about-us/news/why-holding-landlords-accountable-really-matters/","https://www.sds-solicitors.com/about-us/news/why-holding-landlords-accountable-really-matters/","200"
"https://www.sds-solicitors.com/about-us/news/why-sheldon-davidson-solicitors-different/","https://www.sds-solicitors.com/about-us/news/why-sheldon-davidson-solicitors-different/","200"
"https://www.sds-solicitors.com/about-us/our-people/","https://www.sds-solicitors.com/about-us/our-people/","200"
"https://www.sds-solicitors.com/about-us/our-people/alison-sherlock/","https://www.sds-solicitors.com/about-us/our-people/alison-sherlock/","200"
"https://www.sds-solicitors.com/about-us/our-people/angela-brewis/","https://www.sds-solicitors.com/about-us/our-people/angela-brewis/","200"
"https://www.sds-solicitors.com/about-us/our-people/blake-davidson/","https://www.sds-solicitors.com/about-us/our-people/blake-davidson/","200"
"https://www.sds-solicitors.com/about-us/our-people/brian-tyrie/","https://www.sds-solicitors.com/about-us/our-people/brian-tyrie/","200"
"https://www.sds-solicitors.com/about-us/our-people/corbyn-lewis/","https://www.sds-solicitors.com/about-us/our-people/corbyn-lewis/","200"
"https://www.sds-solicitors.com/about-us/our-people/daisy-kerins/","https://www.sds-solicitors.com/about-us/our-people/daisy-kerins/","200"
"https://www.sds-solicitors.com/about-us/our-people/dominique-stansfield/","https://www.sds-solicitors.com/about-us/our-people/dominique-stansfield/","200"
"https://www.sds-solicitors.com/about-us/our-people/emma-farrington/","https://www.sds-solicitors.com/about-us/our-people/emma-farrington/","200"
"https://www.sds-solicitors.com/about-us/our-people/hanane-chikhaoui/","https://www.sds-solicitors.com/about-us/our-people/hanane-chikhaoui/","200"
"https://www.sds-solicitors.com/about-us/our-people/hayley-garnet/","https://www.sds-solicitors.com/about-us/our-people/hayley-garnet/","200"
"https://www.sds-solicitors.com/about-us/our-people/janine-watson/","https://www.sds-solicitors.com/about-us/our-people/janine-watson/","200"
"https://www.sds-solicitors.com/about-us/our-people/jen-schofield/","https://www.sds-solicitors.com/about-us/our-people/jen-schofield/","200"
"https://www.sds-solicitors.com/about-us/our-people/kaneesha-zendera/","https://www.sds-solicitors.com/about-us/our-people/kaneesha-zendera/","200"
"https://www.sds-solicitors.com/about-us/our-people/karen-holt/","https://www.sds-solicitors.com/about-us/our-people/karen-holt/","200"
"https://www.sds-solicitors.com/about-us/our-people/kate-sherlock/","https://www.sds-solicitors.com/about-us/our-people/kate-sherlock/","200"
"https://www.sds-solicitors.com/about-us/our-people/katie-morgan/","https://www.sds-solicitors.com/about-us/our-people/katie-morgan/","200"
"https://www.sds-solicitors.com/about-us/our-people/lauren-davies/","https://www.sds-solicitors.com/about-us/our-people/lauren-davies/","200"
"https://www.sds-solicitors.com/about-us/our-people/michael-haycock/","https://www.sds-solicitors.com/about-us/our-people/michael-haycock/","200"
"https://www.sds-solicitors.com/about-us/our-people/milena-bologan/","https://www.sds-solicitors.com/about-us/our-people/milena-bologan/","200"
"https://www.sds-solicitors.com/about-us/our-people/modupe-somoye/","https://www.sds-solicitors.com/about-us/our-people/modupe-somoye/","200"
"https://www.sds-solicitors.com/about-us/our-people/moyin-ajidagba/","https://www.sds-solicitors.com/about-us/our-people/moyin-ajidagba/","200"
"https://www.sds-solicitors.com/about-us/our-people/sheldon-davidson/","https://www.sds-solicitors.com/about-us/our-people/sheldon-davidson/","200"
"https://www.sds-solicitors.com/about-us/our-people/victoria-mccormack/","https://www.sds-solicitors.com/about-us/our-people/victoria-mccormack/","200"
"https://www.sds-solicitors.com/about-us/our-people/william-webb/","https://www.sds-solicitors.com/about-us/our-people/william-webb/","200"
"https://www.sds-solicitors.com/about-us/our-people/yulie-wagman/","https://www.sds-solicitors.com/about-us/our-people/yulie-wagman/","200"
"https://www.sds-solicitors.com/about-us/privacy-policy/","https://www.sds-solicitors.com/about-us/privacy-policy/","200"
"https://www.sds-solicitors.com/about-us/reviews/","https://www.sds-solicitors.com/about-us/reviews/","200"
"https://www.sds-solicitors.com/about-us/sds-solicitors-discontinued-legal-services/","https://www.sds-solicitors.com/about-us/sds-solicitors-discontinued-legal-services/","200"
"https://www.sds-solicitors.com/about-us/terms-business/","https://www.sds-solicitors.com/about-us/terms-business/","200"
"https://www.sds-solicitors.com/contact-us/","https://www.sds-solicitors.com/contact-us/","200"
"https://www.sds-solicitors.com/contact-us/compensation-calculator-confirmation/","https://www.sds-solicitors.com/contact-us/compensation-calculator-confirmation/","200"
"https://www.sds-solicitors.com/contact-us/housing-disrepair-confirmation/","https://www.sds-solicitors.com/contact-us/housing-disrepair-confirmation/","200"
"https://www.sds-solicitors.com/contact-us/housing-disrepair-enquiries-stands/","https://www.sds-solicitors.com/contact-us/housing-disrepair-enquiries-stands/","200"
"https://www.sds-solicitors.com/contact-us/medical-negligence-confirmation/","https://www.sds-solicitors.com/contact-us/medical-negligence-confirmation/","200"
"https://www.sds-solicitors.com/contact-us/personal-injury-confirmation/","https://www.sds-solicitors.com/contact-us/personal-injury-confirmation/","200"
"https://www.sds-solicitors.com/contact-us/thank-you/","https://www.sds-solicitors.com/contact-us/thank-you/","200"
"https://www.sds-solicitors.com/housing-disrepair-claims/","https://www.sds-solicitors.com/housing-disrepair-claims/","200"
"https://www.sds-solicitors.com/housing-disrepair-claims/compensation-calculator/","https://www.sds-solicitors.com/housing-disrepair-claims/compensation-calculator/","200"
"https://www.sds-solicitors.com/housing-disrepair-claims/council-housing/","https://www.sds-solicitors.com/housing-disrepair-claims/council-housing/","200"
"https://www.sds-solicitors.com/housing-disrepair-claims/housing-condition-claims/","https://www.sds-solicitors.com/housing-disrepair-claims/housing-condition-claims/","200"
"https://www.sds-solicitors.com/housing-disrepair-claims/managing-your-claim/","https://www.sds-solicitors.com/housing-disrepair-claims/managing-your-claim/","200"
"https://www.sds-solicitors.com/housing-disrepair-claims/pre-action-protocol/","https://www.sds-solicitors.com/housing-disrepair-claims/pre-action-protocol/","200"
"https://www.sds-solicitors.com/housing-disrepair-claims/private-landlord/","https://www.sds-solicitors.com/housing-disrepair-claims/private-landlord/","200"
"https://www.sds-solicitors.com/housing-disrepair-claims/social-housing/","https://www.sds-solicitors.com/housing-disrepair-claims/social-housing/","200"
"https://www.sds-solicitors.com/housing-disrepair-claims/tenant-rights-landlord-obligations/","https://www.sds-solicitors.com/housing-disrepair-claims/tenant-rights-landlord-obligations/","200"
"https://www.sds-solicitors.com/housing-disrepair-enquiries/","https://www.sds-solicitors.com/housing-disrepair-enquiries/","200"
"https://www.sds-solicitors.com/housing-disrepair/","https://www.sds-solicitors.com/housing-disrepair/","200"
"https://www.sds-solicitors.com/housing-disrepair/bathroom-claims/","https://www.sds-solicitors.com/housing-disrepair/bathroom-claims/","200"
"https://www.sds-solicitors.com/housing-disrepair/boiler-heating-claims/","https://www.sds-solicitors.com/housing-disrepair/boiler-heating-claims/","200"
"https://www.sds-solicitors.com/housing-disrepair/brickwork-claims/","https://www.sds-solicitors.com/housing-disrepair/brickwork-claims/","200"
"https://www.sds-solicitors.com/housing-disrepair/crumbling-plaster/","https://www.sds-solicitors.com/housing-disrepair/crumbling-plaster/","200"
"https://www.sds-solicitors.com/housing-disrepair/damp-and-mould-claims/","https://www.sds-solicitors.com/housing-disrepair/damp-and-mould-claims/","200"
"https://www.sds-solicitors.com/housing-disrepair/dangerous-wiring-claims/","https://www.sds-solicitors.com/housing-disrepair/dangerous-wiring-claims/","200"
"https://www.sds-solicitors.com/housing-disrepair/defective-sanitaryware/","https://www.sds-solicitors.com/housing-disrepair/defective-sanitaryware/","200"
"https://www.sds-solicitors.com/housing-disrepair/electrical-faults-claims/","https://www.sds-solicitors.com/housing-disrepair/electrical-faults-claims/","200"
"https://www.sds-solicitors.com/housing-disrepair/flooding-water-damage-claims/","https://www.sds-solicitors.com/housing-disrepair/flooding-water-damage-claims/","200"
"https://www.sds-solicitors.com/housing-disrepair/gas-appliance-claims/","https://www.sds-solicitors.com/housing-disrepair/gas-appliance-claims/","200"
"https://www.sds-solicitors.com/housing-disrepair/housing-associations/","https://www.sds-solicitors.com/housing-disrepair/housing-associations/","200"
"https://www.sds-solicitors.com/housing-disrepair/housing-associations/berneslai/","https://www.sds-solicitors.com/housing-disrepair/housing-associations/berneslai/","200"
"https://www.sds-solicitors.com/housing-disrepair/housing-associations/blackpool-coastal-housing/","https://www.sds-solicitors.com/housing-disrepair/housing-associations/blackpool-coastal-housing/","200"
"https://www.sds-solicitors.com/housing-disrepair/housing-associations/bromford-housing/","https://www.sds-solicitors.com/housing-disrepair/housing-associations/bromford-housing/","200"
"https://www.sds-solicitors.com/housing-disrepair/housing-associations/clarion-housing-group/","https://www.sds-solicitors.com/housing-disrepair/housing-associations/clarion-housing-group/","200"
"https://www.sds-solicitors.com/housing-disrepair/housing-associations/great-places-housing-group/","https://www.sds-solicitors.com/housing-disrepair/housing-associations/great-places-housing-group/","200"
"https://www.sds-solicitors.com/housing-disrepair/housing-associations/guinness-partnership/","https://www.sds-solicitors.com/housing-disrepair/housing-associations/guinness-partnership/","200"
"https://www.sds-solicitors.com/housing-disrepair/housing-associations/hanover-housing-association/","https://www.sds-solicitors.com/housing-disrepair/housing-associations/hanover-housing-association/","200"
"https://www.sds-solicitors.com/housing-disrepair/housing-associations/housing-21/","https://www.sds-solicitors.com/housing-disrepair/housing-associations/housing-21/","200"
"https://www.sds-solicitors.com/housing-disrepair/housing-associations/london-and-quadrant-housing-trust/","https://www.sds-solicitors.com/housing-disrepair/housing-associations/london-and-quadrant-housing-trust/","200"
"https://www.sds-solicitors.com/housing-disrepair/housing-associations/midland-heart/","https://www.sds-solicitors.com/housing-disrepair/housing-associations/midland-heart/","200"
"https://www.sds-solicitors.com/housing-disrepair/housing-associations/orbit-group/","https://www.sds-solicitors.com/housing-disrepair/housing-associations/orbit-group/","200"
"https://www.sds-solicitors.com/housing-disrepair/housing-associations/peabody-group/","https://www.sds-solicitors.com/housing-disrepair/housing-associations/peabody-group/","200"
"https://www.sds-solicitors.com/housing-disrepair/housing-associations/riverside-housing/","https://www.sds-solicitors.com/housing-disrepair/housing-associations/riverside-housing/","200"
"https://www.sds-solicitors.com/housing-disrepair/housing-associations/sanctuary-housing/","https://www.sds-solicitors.com/housing-disrepair/housing-associations/sanctuary-housing/","200"
"https://www.sds-solicitors.com/housing-disrepair/housing-associations/southern-housing-group/","https://www.sds-solicitors.com/housing-disrepair/housing-associations/southern-housing-group/","200"
"https://www.sds-solicitors.com/housing-disrepair/housing-associations/thirteen-group/","https://www.sds-solicitors.com/housing-disrepair/housing-associations/thirteen-group/","200"
"https://www.sds-solicitors.com/housing-disrepair/insect-infestation-claims/","https://www.sds-solicitors.com/housing-disrepair/insect-infestation-claims/","200"
"https://www.sds-solicitors.com/housing-disrepair/kitchen-claims/","https://www.sds-solicitors.com/housing-disrepair/kitchen-claims/","200"
"https://www.sds-solicitors.com/housing-disrepair/locations/","https://www.sds-solicitors.com/housing-disrepair/locations/","200"
"https://www.sds-solicitors.com/housing-disrepair/locations/barnsley/","https://www.sds-solicitors.com/housing-disrepair/locations/barnsley/","200"
"https://www.sds-solicitors.com/housing-disrepair/locations/basildon/","https://www.sds-solicitors.com/housing-disrepair/locations/basildon/","200"
"https://www.sds-solicitors.com/housing-disrepair/locations/basingstoke/","https://www.sds-solicitors.com/housing-disrepair/locations/basingstoke/","200"
"https://www.sds-solicitors.com/housing-disrepair/locations/bath/","https://www.sds-solicitors.com/housing-disrepair/locations/bath/","200"
"https://www.sds-solicitors.com/housing-disrepair/locations/bedford/","https://www.sds-solicitors.com/housing-disrepair/locations/bedford/","200"
"https://www.sds-solicitors.com/housing-disrepair/locations/birkenhead/","https://www.sds-solicitors.com/housing-disrepair/locations/birkenhead/","200"
"https://www.sds-solicitors.com/housing-disrepair/locations/birmingham/","https://www.sds-solicitors.com/housing-disrepair/locations/birmingham/","200"
"https://www.sds-solicitors.com/housing-disrepair/locations/blackburn/","https://www.sds-solicitors.com/housing-disrepair/locations/blackburn/","200"
"https://www.sds-solicitors.com/housing-disrepair/locations/blackpool/","https://www.sds-solicitors.com/housing-disrepair/locations/blackpool/","200"
"https://www.sds-solicitors.com/housing-disrepair/locations/bolton/","https://www.sds-solicitors.com/housing-disrepair/locations/bolton/","200"
"https://www.sds-solicitors.com/housing-disrepair/locations/bootle/","https://www.sds-solicitors.com/housing-disrepair/locations/bootle/","200"
"https://www.sds-solicitors.com/housing-disrepair/locations/bradford/","https://www.sds-solicitors.com/housing-disrepair/locations/bradford/","200"
"https://www.sds-solicitors.com/housing-disrepair/locations/brighton/","https://www.sds-solicitors.com/housing-disrepair/locations/brighton/","200"
"https://www.sds-solicitors.com/housing-disrepair/locations/bristol/","https://www.sds-solicitors.com/housing-disrepair/locations/bristol/","200"
"https://www.sds-solicitors.com/housing-disrepair/locations/burnley/","https://www.sds-solicitors.com/housing-disrepair/locations/burnley/","200"
"https://www.sds-solicitors.com/housing-disrepair/locations/canterbury/","https://www.sds-solicitors.com/housing-disrepair/locations/canterbury/","200"
"https://www.sds-solicitors.com/housing-disrepair/locations/carlisle/","https://www.sds-solicitors.com/housing-disrepair/locations/carlisle/","200"
"https://www.sds-solicitors.com/housing-disrepair/locations/chelmsford/","https://www.sds-solicitors.com/housing-disrepair/locations/chelmsford/","200"
"https://www.sds-solicitors.com/housing-disrepair/locations/cheltenham/","https://www.sds-solicitors.com/housing-disrepair/locations/cheltenham/","200"
"https://www.sds-solicitors.com/housing-disrepair/locations/chester/","https://www.sds-solicitors.com/housing-disrepair/locations/chester/","200"
"https://www.sds-solicitors.com/housing-disrepair/locations/chesterfield/","https://www.sds-solicitors.com/housing-disrepair/locations/chesterfield/","200"
"https://www.sds-solicitors.com/housing-disrepair/locations/chichester/","https://www.sds-solicitors.com/housing-disrepair/locations/chichester/","200"
"https://www.sds-solicitors.com/housing-disrepair/locations/colchester/","https://www.sds-solicitors.com/housing-disrepair/locations/colchester/","200"
"https://www.sds-solicitors.com/housing-disrepair/locations/coventry/","https://www.sds-solicitors.com/housing-disrepair/locations/coventry/","200"
"https://www.sds-solicitors.com/housing-disrepair/locations/crawley/","https://www.sds-solicitors.com/housing-disrepair/locations/crawley/","200"
"https://www.sds-solicitors.com/housing-disrepair/locations/darlington/","https://www.sds-solicitors.com/housing-disrepair/locations/darlington/","200"
"https://www.sds-solicitors.com/housing-disrepair/locations/derby/","https://www.sds-solicitors.com/housing-disrepair/locations/derby/","200"
"https://www.sds-solicitors.com/housing-disrepair/locations/doncaster/","https://www.sds-solicitors.com/housing-disrepair/locations/doncaster/","200"
"https://www.sds-solicitors.com/housing-disrepair/locations/dover/","https://www.sds-solicitors.com/housing-disrepair/locations/dover/","200"
"https://www.sds-solicitors.com/housing-disrepair/locations/dudley/","https://www.sds-solicitors.com/housing-disrepair/locations/dudley/","200"
"https://www.sds-solicitors.com/housing-disrepair/locations/durham/","https://www.sds-solicitors.com/housing-disrepair/locations/durham/","200"
"https://www.sds-solicitors.com/housing-disrepair/locations/exeter/","https://www.sds-solicitors.com/housing-disrepair/locations/exeter/","200"
"https://www.sds-solicitors.com/housing-disrepair/locations/folkestone/","https://www.sds-solicitors.com/housing-disrepair/locations/folkestone/","200"
"https://www.sds-solicitors.com/housing-disrepair/locations/gateshead/","https://www.sds-solicitors.com/housing-disrepair/locations/gateshead/","200"
"https://www.sds-solicitors.com/housing-disrepair/locations/gillingham/","https://www.sds-solicitors.com/housing-disrepair/locations/gillingham/","200"
"https://www.sds-solicitors.com/housing-disrepair/locations/gloucester/","https://www.sds-solicitors.com/housing-disrepair/locations/gloucester/","200"
"https://www.sds-solicitors.com/housing-disrepair/locations/great-yarmouth/","https://www.sds-solicitors.com/housing-disrepair/locations/great-yarmouth/","200"
"https://www.sds-solicitors.com/housing-disrepair/locations/grimsby/","https://www.sds-solicitors.com/housing-disrepair/locations/grimsby/","200"
"https://www.sds-solicitors.com/housing-disrepair/locations/harlow/","https://www.sds-solicitors.com/housing-disrepair/locations/harlow/","200"
"https://www.sds-solicitors.com/housing-disrepair/locations/hartlepool/","https://www.sds-solicitors.com/housing-disrepair/locations/hartlepool/","200"
"https://www.sds-solicitors.com/housing-disrepair/locations/hastings/","https://www.sds-solicitors.com/housing-disrepair/locations/hastings/","200"
"https://www.sds-solicitors.com/housing-disrepair/locations/hereford/","https://www.sds-solicitors.com/housing-disrepair/locations/hereford/","200"
"https://www.sds-solicitors.com/housing-disrepair/locations/huddersfield/","https://www.sds-solicitors.com/housing-disrepair/locations/huddersfield/","200"
"https://www.sds-solicitors.com/housing-disrepair/locations/hull/","https://www.sds-solicitors.com/housing-disrepair/locations/hull/","200"
"https://www.sds-solicitors.com/housing-disrepair/locations/ipswich/","https://www.sds-solicitors.com/housing-disrepair/locations/ipswich/","200"
"https://www.sds-solicitors.com/housing-disrepair/locations/kettering/","https://www.sds-solicitors.com/housing-disrepair/locations/kettering/","200"
"https://www.sds-solicitors.com/housing-disrepair/locations/lancaster/","https://www.sds-solicitors.com/housing-disrepair/locations/lancaster/","200"
"https://www.sds-solicitors.com/housing-disrepair/locations/leeds/","https://www.sds-solicitors.com/housing-disrepair/locations/leeds/","200"
"https://www.sds-solicitors.com/housing-disrepair/locations/leicester/","https://www.sds-solicitors.com/housing-disrepair/locations/leicester/","200"
"https://www.sds-solicitors.com/housing-disrepair/locations/lincoln/","https://www.sds-solicitors.com/housing-disrepair/locations/lincoln/","200"
"https://www.sds-solicitors.com/housing-disrepair/locations/liverpool/","https://www.sds-solicitors.com/housing-disrepair/locations/liverpool/","200"
"https://www.sds-solicitors.com/housing-disrepair/locations/london/","https://www.sds-solicitors.com/housing-disrepair/locations/london/","200"
"https://www.sds-solicitors.com/housing-disrepair/locations/london/barking/","https://www.sds-solicitors.com/housing-disrepair/locations/london/barking/","200"
"https://www.sds-solicitors.com/housing-disrepair/locations/london/brent/","https://www.sds-solicitors.com/housing-disrepair/locations/london/brent/","200"
"https://www.sds-solicitors.com/housing-disrepair/locations/london/camden/","https://www.sds-solicitors.com/housing-disrepair/locations/london/camden/","200"
"https://www.sds-solicitors.com/housing-disrepair/locations/london/croydon/","https://www.sds-solicitors.com/housing-disrepair/locations/london/croydon/","200"
"https://www.sds-solicitors.com/housing-disrepair/locations/london/ealing/","https://www.sds-solicitors.com/housing-disrepair/locations/london/ealing/","200"
"https://www.sds-solicitors.com/housing-disrepair/locations/london/enfield/","https://www.sds-solicitors.com/housing-disrepair/locations/london/enfield/","200"
"https://www.sds-solicitors.com/housing-disrepair/locations/london/fulham/","https://www.sds-solicitors.com/housing-disrepair/locations/london/fulham/","200"
"https://www.sds-solicitors.com/housing-disrepair/locations/london/greenwich/","https://www.sds-solicitors.com/housing-disrepair/locations/london/greenwich/","200"
"https://www.sds-solicitors.com/housing-disrepair/locations/london/hackney/","https://www.sds-solicitors.com/housing-disrepair/locations/london/hackney/","200"
"https://www.sds-solicitors.com/housing-disrepair/locations/london/hammersmith/","https://www.sds-solicitors.com/housing-disrepair/locations/london/hammersmith/","200"
"https://www.sds-solicitors.com/housing-disrepair/locations/london/haringey/","https://www.sds-solicitors.com/housing-disrepair/locations/london/haringey/","200"
"https://www.sds-solicitors.com/housing-disrepair/locations/london/havering/","https://www.sds-solicitors.com/housing-disrepair/locations/london/havering/","200"
"https://www.sds-solicitors.com/housing-disrepair/locations/london/hounslow/","https://www.sds-solicitors.com/housing-disrepair/locations/london/hounslow/","200"
"https://www.sds-solicitors.com/housing-disrepair/locations/london/islington/","https://www.sds-solicitors.com/housing-disrepair/locations/london/islington/","200"
"https://www.sds-solicitors.com/housing-disrepair/locations/london/lambeth/","https://www.sds-solicitors.com/housing-disrepair/locations/london/lambeth/","200"
"https://www.sds-solicitors.com/housing-disrepair/locations/london/lewisham/","https://www.sds-solicitors.com/housing-disrepair/locations/london/lewisham/","200"
"https://www.sds-solicitors.com/housing-disrepair/locations/london/newham/","https://www.sds-solicitors.com/housing-disrepair/locations/london/newham/","200"
"https://www.sds-solicitors.com/housing-disrepair/locations/london/redbridge/","https://www.sds-solicitors.com/housing-disrepair/locations/london/redbridge/","200"
"https://www.sds-solicitors.com/housing-disrepair/locations/london/southwark/","https://www.sds-solicitors.com/housing-disrepair/locations/london/southwark/","200"
"https://www.sds-solicitors.com/housing-disrepair/locations/london/tower-hamlets/","https://www.sds-solicitors.com/housing-disrepair/locations/london/tower-hamlets/","200"
"https://www.sds-solicitors.com/housing-disrepair/locations/london/waltham-forest/","https://www.sds-solicitors.com/housing-disrepair/locations/london/waltham-forest/","200"
"https://www.sds-solicitors.com/housing-disrepair/locations/london/wandsworth/","https://www.sds-solicitors.com/housing-disrepair/locations/london/wandsworth/","200"
"https://www.sds-solicitors.com/housing-disrepair/locations/lowestoft/","https://www.sds-solicitors.com/housing-disrepair/locations/lowestoft/","200"
"https://www.sds-solicitors.com/housing-disrepair/locations/luton/","https://www.sds-solicitors.com/housing-disrepair/locations/luton/","200"
"https://www.sds-solicitors.com/housing-disrepair/locations/maidstone/","https://www.sds-solicitors.com/housing-disrepair/locations/maidstone/","200"
"https://www.sds-solicitors.com/housing-disrepair/locations/manchester/","https://www.sds-solicitors.com/housing-disrepair/locations/manchester/","200"
"https://www.sds-solicitors.com/housing-disrepair/locations/margate/","https://www.sds-solicitors.com/housing-disrepair/locations/margate/","200"
"https://www.sds-solicitors.com/housing-disrepair/locations/middlesbrough/","https://www.sds-solicitors.com/housing-disrepair/locations/middlesbrough/","200"
"https://www.sds-solicitors.com/housing-disrepair/locations/milton-keynes/","https://www.sds-solicitors.com/housing-disrepair/locations/milton-keynes/","200"
"https://www.sds-solicitors.com/housing-disrepair/locations/newcastle/","https://www.sds-solicitors.com/housing-disrepair/locations/newcastle/","200"
"https://www.sds-solicitors.com/housing-disrepair/locations/northampton/","https://www.sds-solicitors.com/housing-disrepair/locations/northampton/","200"
"https://www.sds-solicitors.com/housing-disrepair/locations/norwich/","https://www.sds-solicitors.com/housing-disrepair/locations/norwich/","200"
"https://www.sds-solicitors.com/housing-disrepair/locations/nottingham/","https://www.sds-solicitors.com/housing-disrepair/locations/nottingham/","200"
"https://www.sds-solicitors.com/housing-disrepair/locations/nuneaton/","https://www.sds-solicitors.com/housing-disrepair/locations/nuneaton/","200"
"https://www.sds-solicitors.com/housing-disrepair/locations/oldham/","https://www.sds-solicitors.com/housing-disrepair/locations/oldham/","200"
"https://www.sds-solicitors.com/housing-disrepair/locations/peterborough/","https://www.sds-solicitors.com/housing-disrepair/locations/peterborough/","200"
"https://www.sds-solicitors.com/housing-disrepair/locations/plymouth/","https://www.sds-solicitors.com/housing-disrepair/locations/plymouth/","200"
"https://www.sds-solicitors.com/housing-disrepair/locations/portsmouth/","https://www.sds-solicitors.com/housing-disrepair/locations/portsmouth/","200"
"https://www.sds-solicitors.com/housing-disrepair/locations/preston/","https://www.sds-solicitors.com/housing-disrepair/locations/preston/","200"
"https://www.sds-solicitors.com/housing-disrepair/locations/reading/","https://www.sds-solicitors.com/housing-disrepair/locations/reading/","200"
"https://www.sds-solicitors.com/housing-disrepair/locations/rochdale/","https://www.sds-solicitors.com/housing-disrepair/locations/rochdale/","200"
"https://www.sds-solicitors.com/housing-disrepair/locations/rotherham/","https://www.sds-solicitors.com/housing-disrepair/locations/rotherham/","200"
"https://www.sds-solicitors.com/housing-disrepair/locations/salford/","https://www.sds-solicitors.com/housing-disrepair/locations/salford/","200"
"https://www.sds-solicitors.com/housing-disrepair/locations/sandwell/","https://www.sds-solicitors.com/housing-disrepair/locations/sandwell/","200"
"https://www.sds-solicitors.com/housing-disrepair/locations/scunthorpe/","https://www.sds-solicitors.com/housing-disrepair/locations/scunthorpe/","200"
"https://www.sds-solicitors.com/housing-disrepair/locations/sheffield/","https://www.sds-solicitors.com/housing-disrepair/locations/sheffield/","200"
"https://www.sds-solicitors.com/housing-disrepair/locations/shrewsbury/","https://www.sds-solicitors.com/housing-disrepair/locations/shrewsbury/","200"
"https://www.sds-solicitors.com/housing-disrepair/locations/slough/","https://www.sds-solicitors.com/housing-disrepair/locations/slough/","200"
"https://www.sds-solicitors.com/housing-disrepair/locations/southampton/","https://www.sds-solicitors.com/housing-disrepair/locations/southampton/","200"
"https://www.sds-solicitors.com/housing-disrepair/locations/southend-sea/","https://www.sds-solicitors.com/housing-disrepair/locations/southend-sea/","200"
"https://www.sds-solicitors.com/housing-disrepair/locations/stevenage/","https://www.sds-solicitors.com/housing-disrepair/locations/stevenage/","200"
"https://www.sds-solicitors.com/housing-disrepair/locations/stockport/","https://www.sds-solicitors.com/housing-disrepair/locations/stockport/","200"
"https://www.sds-solicitors.com/housing-disrepair/locations/stoke-trent/","https://www.sds-solicitors.com/housing-disrepair/locations/stoke-trent/","200"
"https://www.sds-solicitors.com/housing-disrepair/locations/sunderland/","https://www.sds-solicitors.com/housing-disrepair/locations/sunderland/","200"
"https://www.sds-solicitors.com/housing-disrepair/locations/swindon/","https://www.sds-solicitors.com/housing-disrepair/locations/swindon/","200"
"https://www.sds-solicitors.com/housing-disrepair/locations/tameside/","https://www.sds-solicitors.com/housing-disrepair/locations/tameside/","200"
"https://www.sds-solicitors.com/housing-disrepair/locations/telford/","https://www.sds-solicitors.com/housing-disrepair/locations/telford/","200"
"https://www.sds-solicitors.com/housing-disrepair/locations/truro/","https://www.sds-solicitors.com/housing-disrepair/locations/truro/","200"
"https://www.sds-solicitors.com/housing-disrepair/locations/wakefield/","https://www.sds-solicitors.com/housing-disrepair/locations/wakefield/","200"
"https://www.sds-solicitors.com/housing-disrepair/locations/walsall/","https://www.sds-solicitors.com/housing-disrepair/locations/walsall/","200"
"https://www.sds-solicitors.com/housing-disrepair/locations/warrington/","https://www.sds-solicitors.com/housing-disrepair/locations/warrington/","200"
"https://www.sds-solicitors.com/housing-disrepair/locations/watford/","https://www.sds-solicitors.com/housing-disrepair/locations/watford/","200"
"https://www.sds-solicitors.com/housing-disrepair/locations/wigan/","https://www.sds-solicitors.com/housing-disrepair/locations/wigan/","200"
"https://www.sds-solicitors.com/housing-disrepair/locations/wolverhampton/","https://www.sds-solicitors.com/housing-disrepair/locations/wolverhampton/","200"
"https://www.sds-solicitors.com/housing-disrepair/locations/worcester/","https://www.sds-solicitors.com/housing-disrepair/locations/worcester/","200"
"https://www.sds-solicitors.com/housing-disrepair/locations/worthing/","https://www.sds-solicitors.com/housing-disrepair/locations/worthing/","200"
"https://www.sds-solicitors.com/housing-disrepair/locations/york/","https://www.sds-solicitors.com/housing-disrepair/locations/york/","200"
"https://www.sds-solicitors.com/housing-disrepair/plumbing-drainage-claims/","https://www.sds-solicitors.com/housing-disrepair/plumbing-drainage-claims/","200"
"https://www.sds-solicitors.com/housing-disrepair/roof-gutter-claims/","https://www.sds-solicitors.com/housing-disrepair/roof-gutter-claims/","200"
"https://www.sds-solicitors.com/housing-disrepair/spray-foam-insulation-claims/","https://www.sds-solicitors.com/housing-disrepair/spray-foam-insulation-claims/","200"
"https://www.sds-solicitors.com/housing-disrepair/unsafe-flooring-claims/","https://www.sds-solicitors.com/housing-disrepair/unsafe-flooring-claims/","200"
"https://www.sds-solicitors.com/housing-disrepair/vermin-from-disrepair-claims/","https://www.sds-solicitors.com/housing-disrepair/vermin-from-disrepair-claims/","200"
"https://www.sds-solicitors.com/housing-disrepair/windows-doors-claims/","https://www.sds-solicitors.com/housing-disrepair/windows-doors-claims/","200"
"https://www.sds-solicitors.com/referral-bonus-scheme/","https://www.sds-solicitors.com/referral-bonus-scheme/","200"
"https://www.sds-solicitors.com/referral-bonus-scheme/family-and-friends-bonus-terms-and-conditions/","https://www.sds-solicitors.com/referral-bonus-scheme/family-and-friends-bonus-terms-and-conditions/","200"
"https://www.sds-solicitors.com/about-us/careers","https://www.sds-solicitors.com/about-us/careers/","301"
"https://www.sds-solicitors.com/about-us/case-studies/topic/359/housing-disrepair/","https://www.sds-solicitors.com/about-us/case-studies/topic/359/housing-disrepair/","200"
"https://www.sds-solicitors.com/about-us/complaints","https://www.sds-solicitors.com/about-us/complaints/","301"
"https://www.sds-solicitors.com/about-us/cookies","https://www.sds-solicitors.com/about-us/cookies/","301"
"https://www.sds-solicitors.com/about-us/news","https://www.sds-solicitors.com/about-us/news/","301"
"https://www.sds-solicitors.com/about-us/news/topic/358/housing-disrepair/","https://www.sds-solicitors.com/about-us/news/","301"
"https://www.sds-solicitors.com/about-us/news/topic/78/about-sds/","https://www.sds-solicitors.com/about-us/news/topic/78/about-sds/","200"
"https://www.sds-solicitors.com/about-us/our-people/alison-sherlock","https://www.sds-solicitors.com/about-us/our-people/alison-sherlock/","301"
"https://www.sds-solicitors.com/about-us/our-people/angela-brewis","https://www.sds-solicitors.com/about-us/our-people/angela-brewis/","301"
"https://www.sds-solicitors.com/about-us/our-people/blake-davidson","https://www.sds-solicitors.com/about-us/our-people/blake-davidson/","301"
"https://www.sds-solicitors.com/about-us/our-people/brian-tyrie","https://www.sds-solicitors.com/about-us/our-people/brian-tyrie/","301"
"https://www.sds-solicitors.com/about-us/our-people/corbyn-lewis","https://www.sds-solicitors.com/about-us/our-people/corbyn-lewis/","301"
"https://www.sds-solicitors.com/about-us/our-people/daisy-kerins","https://www.sds-solicitors.com/about-us/our-people/daisy-kerins/","301"
"https://www.sds-solicitors.com/about-us/our-people/dominique-stansfield","https://www.sds-solicitors.com/about-us/our-people/dominique-stansfield/","301"
"https://www.sds-solicitors.com/about-us/our-people/emma-farrington","https://www.sds-solicitors.com/about-us/our-people/emma-farrington/","301"
"https://www.sds-solicitors.com/about-us/our-people/hayley-garnet","https://www.sds-solicitors.com/about-us/our-people/hayley-garnet/","301"
"https://www.sds-solicitors.com/about-us/our-people/janine-watson","https://www.sds-solicitors.com/about-us/our-people/janine-watson/","301"
"https://www.sds-solicitors.com/about-us/our-people/jen-schofield","https://www.sds-solicitors.com/about-us/our-people/jen-schofield/","301"
"https://www.sds-solicitors.com/about-us/our-people/kaneesha-zendera","https://www.sds-solicitors.com/about-us/our-people/kaneesha-zendera/","301"
"https://www.sds-solicitors.com/about-us/our-people/karen-holt","https://www.sds-solicitors.com/about-us/our-people/karen-holt/","301"
"https://www.sds-solicitors.com/about-us/our-people/kate-sherlock","https://www.sds-solicitors.com/about-us/our-people/kate-sherlock/","301"
"https://www.sds-solicitors.com/about-us/our-people/katie-morgan","https://www.sds-solicitors.com/about-us/our-people/katie-morgan/","301"
"https://www.sds-solicitors.com/about-us/our-people/lauren-davies","https://www.sds-solicitors.com/about-us/our-people/lauren-davies/","301"
"https://www.sds-solicitors.com/about-us/our-people/michael-haycock","https://www.sds-solicitors.com/about-us/our-people/michael-haycock/","301"
"https://www.sds-solicitors.com/about-us/our-people/milena-bologan","https://www.sds-solicitors.com/about-us/our-people/milena-bologan/","301"
"https://www.sds-solicitors.com/about-us/our-people/modupe-somoye","https://www.sds-solicitors.com/about-us/our-people/modupe-somoye/","301"
"https://www.sds-solicitors.com/about-us/our-people/moyin-ajidagba","https://www.sds-solicitors.com/about-us/our-people/moyin-ajidagba/","301"
"https://www.sds-solicitors.com/about-us/our-people/sheldon-davidson","https://www.sds-solicitors.com/about-us/our-people/sheldon-davidson/","301"
"https://www.sds-solicitors.com/about-us/our-people/victoria-mccormack","https://www.sds-solicitors.com/about-us/our-people/victoria-mccormack/","301"
"https://www.sds-solicitors.com/about-us/our-people/william-webb","https://www.sds-solicitors.com/about-us/our-people/william-webb/","301"
"https://www.sds-solicitors.com/about-us/our-people/yulie-wagman","https://www.sds-solicitors.com/about-us/our-people/yulie-wagman/","301"
"https://www.sds-solicitors.com/about-us/privacy-policy","https://www.sds-solicitors.com/about-us/privacy-policy/","301"
"https://www.sds-solicitors.com/complaints/www.legalombudsman.org.uk","https://www.sds-solicitors.com/about-us/complaints/","301"
"https://www.sds-solicitors.com/complaints/www.ombudsman-services.org","https://www.sds-solicitors.com/about-us/complaints/","301"
"https://www.sds-solicitors.com/complaints/www.small-claims-mediation.co.uk","https://www.sds-solicitors.com/about-us/complaints/","301"
"https://www.sds-solicitors.com/contact-us","https://www.sds-solicitors.com/contact-us/","301"
"https://www.sds-solicitors.com/flooding-water-damage-claims/","https://www.sds-solicitors.com/housing-disrepair/flooding-water-damage-claims/","301"
"https://www.sds-solicitors.com/housing-disrepair","https://www.sds-solicitors.com/housing-disrepair/","301"
"https://www.sds-solicitors.com/housing-disrepair/leaks-plumbing-drainage-claims/","https://www.sds-solicitors.com/housing-disrepair/plumbing-drainage-claims/","301"
"https://www.sds-solicitors.com/privacy-policy/","https://www.sds-solicitors.com/about-us/privacy-policy/","301"
"https://www.sds-solicitors.com/about-us/case-studies/?ccm_paging_p_b2385=2","https://www.sds-solicitors.com/about-us/case-studies/?ccm_paging_p_b2385=2","200"
"https://www.sds-solicitors.com/about-us/case-studies/topic/359/housing-disrepair/?ccm_paging_p_b2385=2","https://www.sds-solicitors.com/about-us/case-studies/topic/359/housing-disrepair/?ccm_paging_p_b2385=2","200"
"https://www.sds-solicitors.com/about-us/news/?ccm_paging_p_b1269=2","https://www.sds-solicitors.com/about-us/news/?ccm_paging_p_b1269=2","200"
"https://www.sds-solicitors.com/about-us/news/topic/358/housing-disrepair/?ccm_paging_p_b1269=2","https://www.sds-solicitors.com/about-us/news/?ccm_paging_p_b1269=2","301"
"https://www.sds-solicitors.com/about-us/case-studies/?ccm_paging_p_b2385=1","https://www.sds-solicitors.com/about-us/case-studies/","301"
"https://www.sds-solicitors.com/about-us/case-studies/topic/359/housing-disrepair/?ccm_paging_p_b2385=1","https://www.sds-solicitors.com/about-us/case-studies/topic/359/housing-disrepair/","301"
"https://www.sds-solicitors.com/about-us/news/?ccm_paging_p_b1269=1","https://www.sds-solicitors.com/about-us/news/","301"
"https://www.sds-solicitors.com/about-us/news/topic/358/housing-disrepair/?ccm_paging_p_b1269=1","https://www.sds-solicitors.com/about-us/news/","301"
"https://www.sds-solicitors.com/about-us/case-studies/topic/241/amputation/","https://www.sds-solicitors.com/about-us/case-studies/topic/241/amputation/","200"
"https://www.sds-solicitors.com/about-us/case-studies/topic/274/road-traffic/","https://www.sds-solicitors.com/about-us/case-studies/topic/274/road-traffic/","200"
"https://www.sds-solicitors.com/about-us/case-studies/topic/274/road-traffic/?ccm_paging_p_b2385=2","https://www.sds-solicitors.com/about-us/case-studies/topic/274/road-traffic/?ccm_paging_p_b2385=2","200"
"https://www.sds-solicitors.com/about-us/case-studies/topic/276/medical-negligence/","https://www.sds-solicitors.com/about-us/case-studies/topic/276/medical-negligence/","200"
"https://www.sds-solicitors.com/about-us/case-studies/topic/289/cancer-negligence/","https://www.sds-solicitors.com/about-us/case-studies/topic/289/cancer-negligence/","200"
"https://www.sds-solicitors.com/about-us/case-studies/topic/81/head-injury-claims/","https://www.sds-solicitors.com/about-us/case-studies/topic/81/head-injury-claims/","200"
"https://www.sds-solicitors.com/about-us/case-studies/topic/83/neck-injury-claims/","https://www.sds-solicitors.com/about-us/case-studies/topic/83/neck-injury-claims/","200"
"https://www.sds-solicitors.com/about-us/case-studies/topic/84/shoulder-injury-claims/","https://www.sds-solicitors.com/about-us/case-studies/topic/84/shoulder-injury-claims/","200"
"https://www.sds-solicitors.com/about-us/case-studies/topic/85/back-injury-claims/","https://www.sds-solicitors.com/about-us/case-studies/topic/85/back-injury-claims/","200"
"https://www.sds-solicitors.com/about-us/case-studies/topic/87/hand-injury-claims/","https://www.sds-solicitors.com/about-us/case-studies/topic/87/hand-injury-claims/","200"
"https://www.sds-solicitors.com/about-us/case-studies/topic/88/leg-injury-claims/","https://www.sds-solicitors.com/about-us/case-studies/topic/88/leg-injury-claims/","200"
"https://www.sds-solicitors.com/about-us/case-studies/topic/89/foot-injury-claims/","https://www.sds-solicitors.com/about-us/case-studies/topic/89/foot-injury-claims/","200"
"https://www.sds-solicitors.com/about-us/case-studies/topic/90/serious-injury-claims/","https://www.sds-solicitors.com/about-us/case-studies/topic/90/serious-injury-claims/","200"
"https://www.sds-solicitors.com/about-us/case-studies/topic/91/minor-injury-claims/","https://www.sds-solicitors.com/about-us/case-studies/topic/91/minor-injury-claims/","200"
"https://www.sds-solicitors.com/about-us/news/topic/72/accidents-at-work/","https://www.sds-solicitors.com/about-us/news/","301"
"https://www.sds-solicitors.com/about-us/news/topic/72/accidents-at-work/?ccm_paging_p_b1269=2","https://www.sds-solicitors.com/about-us/news/?ccm_paging_p_b1269=2","301"
"https://www.sds-solicitors.com/about-us/news/topic/73/medical-negligence/","https://www.sds-solicitors.com/about-us/news/","301"
"https://www.sds-solicitors.com/about-us/news/topic/73/medical-negligence/?ccm_paging_p_b1269=2","https://www.sds-solicitors.com/about-us/news/?ccm_paging_p_b1269=2","301"
"https://www.sds-solicitors.com/about-us/news/topic/74/serious-injury/","https://www.sds-solicitors.com/about-us/news/","301"
"https://www.sds-solicitors.com/about-us/news/topic/74/serious-injury/?ccm_paging_p_b1269=2","https://www.sds-solicitors.com/about-us/news/?ccm_paging_p_b1269=2","301"
"https://www.sds-solicitors.com/about-us/news/topic/74/serious-injury/?ccm_paging_p_b1269=3","https://www.sds-solicitors.com/about-us/news/?ccm_paging_p_b1269=3","301"
"https://www.sds-solicitors.com/about-us/news/topic/75/road-%26-bike/","https://www.sds-solicitors.com/about-us/news/","301"
"https://www.sds-solicitors.com/about-us/news/topic/75/road-%26-bike/?ccm_paging_p_b1269=1","https://www.sds-solicitors.com/about-us/news/","301"
"https://www.sds-solicitors.com/about-us/news/topic/75/road-%26-bike/?ccm_paging_p_b1269=2","https://www.sds-solicitors.com/about-us/news/?ccm_paging_p_b1269=2","301"
"https://www.sds-solicitors.com/about-us/news/topic/75/road-%26-bike/?ccm_paging_p_b1269=3","https://www.sds-solicitors.com/about-us/news/?ccm_paging_p_b1269=3","301"
"https://www.sds-solicitors.com/about-us/news/topic/75/road-%26-bike/?ccm_paging_p_b1269=4","https://www.sds-solicitors.com/about-us/news/?ccm_paging_p_b1269=4","301"
"https://www.sds-solicitors.com/about-us/news/topic/76/injury-claims/","https://www.sds-solicitors.com/about-us/news/","301"
"https://www.sds-solicitors.com/index.php/about-us/","https://www.sds-solicitors.com/about-us/","301"
