Original URL,Review URL,Status,Wording matches,Metadata matches
"https://www.sds-solicitors.com/","https://housingconditionclaims.org/","200","true","true"
"https://www.sds-solicitors.com/about-us/","https://housingconditionclaims.org/about-us/","200","true","true"
"https://www.sds-solicitors.com/about-us/careers/","https://housingconditionclaims.org/about-us/careers/","200","true","true"
"https://www.sds-solicitors.com/about-us/case-studies/","https://housingconditionclaims.org/about-us/case-studies/","200","true","true"
"https://www.sds-solicitors.com/about-us/case-studies/compensation-for-tenant-after-leaks-and-guttering-led-to-severe-damp-and-mould/","https://housingconditionclaims.org/about-us/case-studies/compensation-for-tenant-after-leaks-and-guttering-led-to-severe-damp-and-mould/","200","true","true"
"https://www.sds-solicitors.com/about-us/case-studies/compensation-for-tenant-after-roof-leak-and-widespread-damp/","https://housingconditionclaims.org/about-us/case-studies/compensation-for-tenant-after-roof-leak-and-widespread-damp/","200","true","true"
"https://www.sds-solicitors.com/about-us/case-studies/compensation-for-tenant-after-water-penetration-caused-extensive-internal-damage/","https://housingconditionclaims.org/about-us/case-studies/compensation-for-tenant-after-water-penetration-caused-extensive-internal-damage/","200","true","true"
"https://www.sds-solicitors.com/about-us/case-studies/compensation-recovered-following-persistent-leak-and-worsening-damp/","https://housingconditionclaims.org/about-us/case-studies/compensation-recovered-following-persistent-leak-and-worsening-damp/","200","true","true"
"https://www.sds-solicitors.com/about-us/case-studies/damp-mould-and-unsafe-electrics-ignored-until-legal-action-was-taken/","https://housingconditionclaims.org/about-us/case-studies/damp-mould-and-unsafe-electrics-ignored-until-legal-action-was-taken/","200","true","true"
"https://www.sds-solicitors.com/about-us/case-studies/elderly-tenant-wins-settlement-after-months-without-hot-water/","https://housingconditionclaims.org/about-us/case-studies/elderly-tenant-wins-settlement-after-months-without-hot-water/","200","true","true"
"https://www.sds-solicitors.com/about-us/case-studies/family-wins-boiler-claim-after-years-of-missed-repairs-and-stress/","https://housingconditionclaims.org/about-us/case-studies/family-wins-boiler-claim-after-years-of-missed-repairs-and-stress/","200","true","true"
"https://www.sds-solicitors.com/about-us/case-studies/multiple-defects-and-serious-damp-in-sheffield-home/","https://housingconditionclaims.org/about-us/case-studies/multiple-defects-and-serious-damp-in-sheffield-home/","200","true","true"
"https://www.sds-solicitors.com/about-us/case-studies/persistent-bathroom-leak-and-water-damage/","https://housingconditionclaims.org/about-us/case-studies/persistent-bathroom-leak-and-water-damage/","200","true","true"
"https://www.sds-solicitors.com/about-us/case-studies/severe-flooring-defects-and-pest-infestation/","https://housingconditionclaims.org/about-us/case-studies/severe-flooring-defects-and-pest-infestation/","200","true","true"
"https://www.sds-solicitors.com/about-us/case-studies/severe-pest-infestation-and-lack-of-heating/","https://housingconditionclaims.org/about-us/case-studies/severe-pest-infestation-and-lack-of-heating/","200","true","true"
"https://www.sds-solicitors.com/about-us/case-studies/tenant-wins-settlement-after-unsafe-flat-damages-mental-health/","https://housingconditionclaims.org/about-us/case-studies/tenant-wins-settlement-after-unsafe-flat-damages-mental-health/","200","true","true"
"https://www.sds-solicitors.com/about-us/case-studies/tenant-with-children-wins-settlement-after-years-of-disrepair/","https://housingconditionclaims.org/about-us/case-studies/tenant-with-children-wins-settlement-after-years-of-disrepair/","200","true","true"
"https://www.sds-solicitors.com/about-us/case-studies/tenant-with-respiratory-illness-wins-mould-claim-after-years-of-neglect/","https://housingconditionclaims.org/about-us/case-studies/tenant-with-respiratory-illness-wins-mould-claim-after-years-of-neglect/","200","true","true"
"https://www.sds-solicitors.com/about-us/case-studies/vulnerable-tenant-wins-settlement-after-living-without-heating/","https://housingconditionclaims.org/about-us/case-studies/vulnerable-tenant-wins-settlement-after-living-without-heating/","200","true","true"
"https://www.sds-solicitors.com/about-us/client-questionnaire/","https://housingconditionclaims.org/about-us/client-questionnaire/","200","true","true"
"https://www.sds-solicitors.com/about-us/complaints/","https://housingconditionclaims.org/about-us/complaints/","200","true","true"
"https://www.sds-solicitors.com/about-us/cookies/","https://housingconditionclaims.org/about-us/cookies/","200","true","true"
"https://www.sds-solicitors.com/about-us/news/","https://housingconditionclaims.org/about-us/news/","200","true","true"
"https://www.sds-solicitors.com/about-us/news/better-bake-macmillan/","https://housingconditionclaims.org/about-us/news/better-bake-macmillan/","200","true","true"
"https://www.sds-solicitors.com/about-us/news/can-you-sue-your-landlord-unsafe-living-conditions/","https://housingconditionclaims.org/about-us/news/can-you-sue-your-landlord-unsafe-living-conditions/","200","true","true"
"https://www.sds-solicitors.com/about-us/news/coffee-morning-success-sheldon-davidson-solicitors/","https://housingconditionclaims.org/about-us/news/coffee-morning-success-sheldon-davidson-solicitors/","200","true","true"
"https://www.sds-solicitors.com/about-us/news/damp-mould-and-heating-compensation-claims-how-much-could-you-claim/","https://housingconditionclaims.org/about-us/news/damp-mould-and-heating-compensation-claims-how-much-could-you-claim/","200","true","true"
"https://www.sds-solicitors.com/about-us/news/final-update-marathon/","https://housingconditionclaims.org/about-us/news/final-update-marathon/","200","true","true"
"https://www.sds-solicitors.com/about-us/news/getting-muddy-charity/","https://housingconditionclaims.org/about-us/news/getting-muddy-charity/","200","true","true"
"https://www.sds-solicitors.com/about-us/news/how-defend-against-landlord-making-false-damage-claims/","https://housingconditionclaims.org/about-us/news/how-defend-against-landlord-making-false-damage-claims/","200","true","true"
"https://www.sds-solicitors.com/about-us/news/how-long-can-landlord-leave-you-without-heat/","https://housingconditionclaims.org/about-us/news/how-long-can-landlord-leave-you-without-heat/","200","true","true"
"https://www.sds-solicitors.com/about-us/news/how-long-does-housing-disrepair-claim-take/","https://housingconditionclaims.org/about-us/news/how-long-does-housing-disrepair-claim-take/","200","true","true"
"https://www.sds-solicitors.com/about-us/news/london-marathon/","https://housingconditionclaims.org/about-us/news/london-marathon/","200","true","true"
"https://www.sds-solicitors.com/about-us/news/olympic-torch/","https://housingconditionclaims.org/about-us/news/olympic-torch/","200","true","true"
"https://www.sds-solicitors.com/about-us/news/phase-1-of-the-renters-rights-act-2026/","https://housingconditionclaims.org/about-us/news/phase-1-of-the-renters-rights-act-2026/","200","true","true"
"https://www.sds-solicitors.com/about-us/news/social-housing-rent-increases-in-2026/","https://housingconditionclaims.org/about-us/news/social-housing-rent-increases-in-2026/","200","true","true"
"https://www.sds-solicitors.com/about-us/news/spot-the-early-signs-of-housing-disrepair-before-it-gets-worse/","https://housingconditionclaims.org/about-us/news/spot-the-early-signs-of-housing-disrepair-before-it-gets-worse/","200","true","true"
"https://www.sds-solicitors.com/about-us/news/what-awaabs-law-means-for-tenants-in-social-housing/","https://housingconditionclaims.org/about-us/news/what-awaabs-law-means-for-tenants-in-social-housing/","200","true","true"
"https://www.sds-solicitors.com/about-us/news/what-tenants-need-to-know-about-renters-reform-bill-in-2026/","https://housingconditionclaims.org/about-us/news/what-tenants-need-to-know-about-renters-reform-bill-in-2026/","200","true","true"
"https://www.sds-solicitors.com/about-us/news/what-the-2026-changes-to-awaabs-law-mean-for-tenants/","https://housingconditionclaims.org/about-us/news/what-the-2026-changes-to-awaabs-law-mean-for-tenants/","200","true","true"
"https://www.sds-solicitors.com/about-us/news/what-to-do-when-your-landlord-keeps-delaying/","https://housingconditionclaims.org/about-us/news/what-to-do-when-your-landlord-keeps-delaying/","200","true","true"
"https://www.sds-solicitors.com/about-us/news/why-holding-landlords-accountable-really-matters/","https://housingconditionclaims.org/about-us/news/why-holding-landlords-accountable-really-matters/","200","true","true"
"https://www.sds-solicitors.com/about-us/news/why-sheldon-davidson-solicitors-different/","https://housingconditionclaims.org/about-us/news/why-sheldon-davidson-solicitors-different/","200","true","true"
"https://www.sds-solicitors.com/about-us/our-people/","https://housingconditionclaims.org/about-us/our-people/","200","true","true"
"https://www.sds-solicitors.com/about-us/our-people/alison-sherlock/","https://housingconditionclaims.org/about-us/our-people/alison-sherlock/","200","true","true"
"https://www.sds-solicitors.com/about-us/our-people/angela-brewis/","https://housingconditionclaims.org/about-us/our-people/angela-brewis/","200","true","true"
"https://www.sds-solicitors.com/about-us/our-people/blake-davidson/","https://housingconditionclaims.org/about-us/our-people/blake-davidson/","200","true","true"
"https://www.sds-solicitors.com/about-us/our-people/brian-tyrie/","https://housingconditionclaims.org/about-us/our-people/brian-tyrie/","200","true","true"
"https://www.sds-solicitors.com/about-us/our-people/corbyn-lewis/","https://housingconditionclaims.org/about-us/our-people/corbyn-lewis/","200","true","true"
"https://www.sds-solicitors.com/about-us/our-people/daisy-kerins/","https://housingconditionclaims.org/about-us/our-people/daisy-kerins/","200","true","true"
"https://www.sds-solicitors.com/about-us/our-people/dominique-stansfield/","https://housingconditionclaims.org/about-us/our-people/dominique-stansfield/","200","true","true"
"https://www.sds-solicitors.com/about-us/our-people/emma-farrington/","https://housingconditionclaims.org/about-us/our-people/emma-farrington/","200","true","true"
"https://www.sds-solicitors.com/about-us/our-people/hanane-chikhaoui/","https://housingconditionclaims.org/about-us/our-people/hanane-chikhaoui/","200","true","true"
"https://www.sds-solicitors.com/about-us/our-people/hayley-garnet/","https://housingconditionclaims.org/about-us/our-people/hayley-garnet/","200","true","true"
"https://www.sds-solicitors.com/about-us/our-people/janine-watson/","https://housingconditionclaims.org/about-us/our-people/janine-watson/","200","true","true"
"https://www.sds-solicitors.com/about-us/our-people/jen-schofield/","https://housingconditionclaims.org/about-us/our-people/jen-schofield/","200","true","true"
"https://www.sds-solicitors.com/about-us/our-people/kaneesha-zendera/","https://housingconditionclaims.org/about-us/our-people/kaneesha-zendera/","200","true","true"
"https://www.sds-solicitors.com/about-us/our-people/karen-holt/","https://housingconditionclaims.org/about-us/our-people/karen-holt/","200","true","true"
"https://www.sds-solicitors.com/about-us/our-people/kate-sherlock/","https://housingconditionclaims.org/about-us/our-people/kate-sherlock/","200","true","true"
"https://www.sds-solicitors.com/about-us/our-people/katie-morgan/","https://housingconditionclaims.org/about-us/our-people/katie-morgan/","200","true","true"
"https://www.sds-solicitors.com/about-us/our-people/lauren-davies/","https://housingconditionclaims.org/about-us/our-people/lauren-davies/","200","true","true"
"https://www.sds-solicitors.com/about-us/our-people/michael-haycock/","https://housingconditionclaims.org/about-us/our-people/michael-haycock/","200","true","true"
"https://www.sds-solicitors.com/about-us/our-people/milena-bologan/","https://housingconditionclaims.org/about-us/our-people/milena-bologan/","200","true","true"
"https://www.sds-solicitors.com/about-us/our-people/modupe-somoye/","https://housingconditionclaims.org/about-us/our-people/modupe-somoye/","200","true","true"
"https://www.sds-solicitors.com/about-us/our-people/moyin-ajidagba/","https://housingconditionclaims.org/about-us/our-people/moyin-ajidagba/","200","true","true"
"https://www.sds-solicitors.com/about-us/our-people/sheldon-davidson/","https://housingconditionclaims.org/about-us/our-people/sheldon-davidson/","200","true","true"
"https://www.sds-solicitors.com/about-us/our-people/victoria-mccormack/","https://housingconditionclaims.org/about-us/our-people/victoria-mccormack/","200","true","true"
"https://www.sds-solicitors.com/about-us/our-people/william-webb/","https://housingconditionclaims.org/about-us/our-people/william-webb/","200","true","true"
"https://www.sds-solicitors.com/about-us/our-people/yulie-wagman/","https://housingconditionclaims.org/about-us/our-people/yulie-wagman/","200","true","true"
"https://www.sds-solicitors.com/about-us/privacy-policy/","https://housingconditionclaims.org/about-us/privacy-policy/","200","true","true"
"https://www.sds-solicitors.com/about-us/reviews/","https://housingconditionclaims.org/about-us/reviews/","200","true","true"
"https://www.sds-solicitors.com/about-us/sds-solicitors-discontinued-legal-services/","https://housingconditionclaims.org/about-us/sds-solicitors-discontinued-legal-services/","200","true","true"
"https://www.sds-solicitors.com/about-us/terms-business/","https://housingconditionclaims.org/about-us/terms-business/","200","true","true"
"https://www.sds-solicitors.com/contact-us/","https://housingconditionclaims.org/contact-us/","200","true","true"
"https://www.sds-solicitors.com/contact-us/compensation-calculator-confirmation/","https://housingconditionclaims.org/contact-us/compensation-calculator-confirmation/","200","true","true"
"https://www.sds-solicitors.com/contact-us/housing-disrepair-confirmation/","https://housingconditionclaims.org/contact-us/housing-disrepair-confirmation/","200","true","true"
"https://www.sds-solicitors.com/contact-us/housing-disrepair-enquiries-stands/","https://housingconditionclaims.org/contact-us/housing-disrepair-enquiries-stands/","200","true","true"
"https://www.sds-solicitors.com/contact-us/medical-negligence-confirmation/","https://housingconditionclaims.org/contact-us/medical-negligence-confirmation/","200","true","true"
"https://www.sds-solicitors.com/contact-us/personal-injury-confirmation/","https://housingconditionclaims.org/contact-us/personal-injury-confirmation/","200","true","true"
"https://www.sds-solicitors.com/contact-us/thank-you/","https://housingconditionclaims.org/contact-us/thank-you/","200","true","true"
"https://www.sds-solicitors.com/housing-disrepair-claims/","https://housingconditionclaims.org/housing-disrepair-claims/","200","true","true"
"https://www.sds-solicitors.com/housing-disrepair-claims/compensation-calculator/","https://housingconditionclaims.org/housing-disrepair-claims/compensation-calculator/","200","true","true"
"https://www.sds-solicitors.com/housing-disrepair-claims/council-housing/","https://housingconditionclaims.org/housing-disrepair-claims/council-housing/","200","true","true"
"https://www.sds-solicitors.com/housing-disrepair-claims/housing-condition-claims/","https://housingconditionclaims.org/housing-disrepair-claims/housing-condition-claims/","200","true","true"
"https://www.sds-solicitors.com/housing-disrepair-claims/managing-your-claim/","https://housingconditionclaims.org/housing-disrepair-claims/managing-your-claim/","200","true","true"
"https://www.sds-solicitors.com/housing-disrepair-claims/pre-action-protocol/","https://housingconditionclaims.org/housing-disrepair-claims/pre-action-protocol/","200","true","true"
"https://www.sds-solicitors.com/housing-disrepair-claims/private-landlord/","https://housingconditionclaims.org/housing-disrepair-claims/private-landlord/","200","true","true"
"https://www.sds-solicitors.com/housing-disrepair-claims/social-housing/","https://housingconditionclaims.org/housing-disrepair-claims/social-housing/","200","true","true"
"https://www.sds-solicitors.com/housing-disrepair-claims/tenant-rights-landlord-obligations/","https://housingconditionclaims.org/housing-disrepair-claims/tenant-rights-landlord-obligations/","200","true","true"
"https://www.sds-solicitors.com/housing-disrepair-enquiries/","https://housingconditionclaims.org/housing-disrepair-enquiries/","200","true","true"
"https://www.sds-solicitors.com/housing-disrepair/","https://housingconditionclaims.org/housing-disrepair/","200","true","true"
"https://www.sds-solicitors.com/housing-disrepair/bathroom-claims/","https://housingconditionclaims.org/housing-disrepair/bathroom-claims/","200","true","true"
"https://www.sds-solicitors.com/housing-disrepair/boiler-heating-claims/","https://housingconditionclaims.org/housing-disrepair/boiler-heating-claims/","200","true","true"
"https://www.sds-solicitors.com/housing-disrepair/brickwork-claims/","https://housingconditionclaims.org/housing-disrepair/brickwork-claims/","200","true","true"
"https://www.sds-solicitors.com/housing-disrepair/crumbling-plaster/","https://housingconditionclaims.org/housing-disrepair/crumbling-plaster/","200","true","true"
"https://www.sds-solicitors.com/housing-disrepair/damp-and-mould-claims/","https://housingconditionclaims.org/housing-disrepair/damp-and-mould-claims/","200","true","true"
"https://www.sds-solicitors.com/housing-disrepair/dangerous-wiring-claims/","https://housingconditionclaims.org/housing-disrepair/dangerous-wiring-claims/","200","true","true"
"https://www.sds-solicitors.com/housing-disrepair/defective-sanitaryware/","https://housingconditionclaims.org/housing-disrepair/defective-sanitaryware/","200","true","true"
"https://www.sds-solicitors.com/housing-disrepair/electrical-faults-claims/","https://housingconditionclaims.org/housing-disrepair/electrical-faults-claims/","200","true","true"
"https://www.sds-solicitors.com/housing-disrepair/flooding-water-damage-claims/","https://housingconditionclaims.org/housing-disrepair/flooding-water-damage-claims/","200","true","true"
"https://www.sds-solicitors.com/housing-disrepair/gas-appliance-claims/","https://housingconditionclaims.org/housing-disrepair/gas-appliance-claims/","200","true","true"
"https://www.sds-solicitors.com/housing-disrepair/housing-associations/","https://housingconditionclaims.org/housing-disrepair/housing-associations/","200","true","true"
"https://www.sds-solicitors.com/housing-disrepair/housing-associations/berneslai/","https://housingconditionclaims.org/housing-disrepair/housing-associations/berneslai/","200","true","true"
"https://www.sds-solicitors.com/housing-disrepair/housing-associations/blackpool-coastal-housing/","https://housingconditionclaims.org/housing-disrepair/housing-associations/blackpool-coastal-housing/","200","true","true"
"https://www.sds-solicitors.com/housing-disrepair/housing-associations/bromford-housing/","https://housingconditionclaims.org/housing-disrepair/housing-associations/bromford-housing/","200","true","true"
"https://www.sds-solicitors.com/housing-disrepair/housing-associations/clarion-housing-group/","https://housingconditionclaims.org/housing-disrepair/housing-associations/clarion-housing-group/","200","true","true"
"https://www.sds-solicitors.com/housing-disrepair/housing-associations/great-places-housing-group/","https://housingconditionclaims.org/housing-disrepair/housing-associations/great-places-housing-group/","200","true","true"
"https://www.sds-solicitors.com/housing-disrepair/housing-associations/guinness-partnership/","https://housingconditionclaims.org/housing-disrepair/housing-associations/guinness-partnership/","200","true","true"
"https://www.sds-solicitors.com/housing-disrepair/housing-associations/hanover-housing-association/","https://housingconditionclaims.org/housing-disrepair/housing-associations/hanover-housing-association/","200","true","true"
"https://www.sds-solicitors.com/housing-disrepair/housing-associations/housing-21/","https://housingconditionclaims.org/housing-disrepair/housing-associations/housing-21/","200","true","true"
"https://www.sds-solicitors.com/housing-disrepair/housing-associations/london-and-quadrant-housing-trust/","https://housingconditionclaims.org/housing-disrepair/housing-associations/london-and-quadrant-housing-trust/","200","true","true"
"https://www.sds-solicitors.com/housing-disrepair/housing-associations/midland-heart/","https://housingconditionclaims.org/housing-disrepair/housing-associations/midland-heart/","200","true","true"
"https://www.sds-solicitors.com/housing-disrepair/housing-associations/orbit-group/","https://housingconditionclaims.org/housing-disrepair/housing-associations/orbit-group/","200","true","true"
"https://www.sds-solicitors.com/housing-disrepair/housing-associations/peabody-group/","https://housingconditionclaims.org/housing-disrepair/housing-associations/peabody-group/","200","true","true"
"https://www.sds-solicitors.com/housing-disrepair/housing-associations/riverside-housing/","https://housingconditionclaims.org/housing-disrepair/housing-associations/riverside-housing/","200","true","true"
"https://www.sds-solicitors.com/housing-disrepair/housing-associations/sanctuary-housing/","https://housingconditionclaims.org/housing-disrepair/housing-associations/sanctuary-housing/","200","true","true"
"https://www.sds-solicitors.com/housing-disrepair/housing-associations/southern-housing-group/","https://housingconditionclaims.org/housing-disrepair/housing-associations/southern-housing-group/","200","true","true"
"https://www.sds-solicitors.com/housing-disrepair/housing-associations/thirteen-group/","https://housingconditionclaims.org/housing-disrepair/housing-associations/thirteen-group/","200","true","true"
"https://www.sds-solicitors.com/housing-disrepair/insect-infestation-claims/","https://housingconditionclaims.org/housing-disrepair/insect-infestation-claims/","200","true","true"
"https://www.sds-solicitors.com/housing-disrepair/kitchen-claims/","https://housingconditionclaims.org/housing-disrepair/kitchen-claims/","200","true","true"
"https://www.sds-solicitors.com/housing-disrepair/locations/","https://housingconditionclaims.org/housing-disrepair/locations/","200","true","true"
"https://www.sds-solicitors.com/housing-disrepair/locations/barnsley/","https://housingconditionclaims.org/housing-disrepair/locations/barnsley/","200","true","true"
"https://www.sds-solicitors.com/housing-disrepair/locations/basildon/","https://housingconditionclaims.org/housing-disrepair/locations/basildon/","200","true","true"
"https://www.sds-solicitors.com/housing-disrepair/locations/basingstoke/","https://housingconditionclaims.org/housing-disrepair/locations/basingstoke/","200","true","true"
"https://www.sds-solicitors.com/housing-disrepair/locations/bath/","https://housingconditionclaims.org/housing-disrepair/locations/bath/","200","true","true"
"https://www.sds-solicitors.com/housing-disrepair/locations/bedford/","https://housingconditionclaims.org/housing-disrepair/locations/bedford/","200","true","true"
"https://www.sds-solicitors.com/housing-disrepair/locations/birkenhead/","https://housingconditionclaims.org/housing-disrepair/locations/birkenhead/","200","true","true"
"https://www.sds-solicitors.com/housing-disrepair/locations/birmingham/","https://housingconditionclaims.org/housing-disrepair/locations/birmingham/","200","true","true"
"https://www.sds-solicitors.com/housing-disrepair/locations/blackburn/","https://housingconditionclaims.org/housing-disrepair/locations/blackburn/","200","true","true"
"https://www.sds-solicitors.com/housing-disrepair/locations/blackpool/","https://housingconditionclaims.org/housing-disrepair/locations/blackpool/","200","true","true"
"https://www.sds-solicitors.com/housing-disrepair/locations/bolton/","https://housingconditionclaims.org/housing-disrepair/locations/bolton/","200","true","true"
"https://www.sds-solicitors.com/housing-disrepair/locations/bootle/","https://housingconditionclaims.org/housing-disrepair/locations/bootle/","200","true","true"
"https://www.sds-solicitors.com/housing-disrepair/locations/bradford/","https://housingconditionclaims.org/housing-disrepair/locations/bradford/","200","true","true"
"https://www.sds-solicitors.com/housing-disrepair/locations/brighton/","https://housingconditionclaims.org/housing-disrepair/locations/brighton/","200","true","true"
"https://www.sds-solicitors.com/housing-disrepair/locations/bristol/","https://housingconditionclaims.org/housing-disrepair/locations/bristol/","200","true","true"
"https://www.sds-solicitors.com/housing-disrepair/locations/burnley/","https://housingconditionclaims.org/housing-disrepair/locations/burnley/","200","true","true"
"https://www.sds-solicitors.com/housing-disrepair/locations/canterbury/","https://housingconditionclaims.org/housing-disrepair/locations/canterbury/","200","true","true"
"https://www.sds-solicitors.com/housing-disrepair/locations/carlisle/","https://housingconditionclaims.org/housing-disrepair/locations/carlisle/","200","true","true"
"https://www.sds-solicitors.com/housing-disrepair/locations/chelmsford/","https://housingconditionclaims.org/housing-disrepair/locations/chelmsford/","200","true","true"
"https://www.sds-solicitors.com/housing-disrepair/locations/cheltenham/","https://housingconditionclaims.org/housing-disrepair/locations/cheltenham/","200","true","true"
"https://www.sds-solicitors.com/housing-disrepair/locations/chester/","https://housingconditionclaims.org/housing-disrepair/locations/chester/","200","true","true"
"https://www.sds-solicitors.com/housing-disrepair/locations/chesterfield/","https://housingconditionclaims.org/housing-disrepair/locations/chesterfield/","200","true","true"
"https://www.sds-solicitors.com/housing-disrepair/locations/chichester/","https://housingconditionclaims.org/housing-disrepair/locations/chichester/","200","true","true"
"https://www.sds-solicitors.com/housing-disrepair/locations/colchester/","https://housingconditionclaims.org/housing-disrepair/locations/colchester/","200","true","true"
"https://www.sds-solicitors.com/housing-disrepair/locations/coventry/","https://housingconditionclaims.org/housing-disrepair/locations/coventry/","200","true","true"
"https://www.sds-solicitors.com/housing-disrepair/locations/crawley/","https://housingconditionclaims.org/housing-disrepair/locations/crawley/","200","true","true"
"https://www.sds-solicitors.com/housing-disrepair/locations/darlington/","https://housingconditionclaims.org/housing-disrepair/locations/darlington/","200","true","true"
"https://www.sds-solicitors.com/housing-disrepair/locations/derby/","https://housingconditionclaims.org/housing-disrepair/locations/derby/","200","true","true"
"https://www.sds-solicitors.com/housing-disrepair/locations/doncaster/","https://housingconditionclaims.org/housing-disrepair/locations/doncaster/","200","true","true"
"https://www.sds-solicitors.com/housing-disrepair/locations/dover/","https://housingconditionclaims.org/housing-disrepair/locations/dover/","200","true","true"
"https://www.sds-solicitors.com/housing-disrepair/locations/dudley/","https://housingconditionclaims.org/housing-disrepair/locations/dudley/","200","true","true"
"https://www.sds-solicitors.com/housing-disrepair/locations/durham/","https://housingconditionclaims.org/housing-disrepair/locations/durham/","200","true","true"
"https://www.sds-solicitors.com/housing-disrepair/locations/exeter/","https://housingconditionclaims.org/housing-disrepair/locations/exeter/","200","true","true"
"https://www.sds-solicitors.com/housing-disrepair/locations/folkestone/","https://housingconditionclaims.org/housing-disrepair/locations/folkestone/","200","true","true"
"https://www.sds-solicitors.com/housing-disrepair/locations/gateshead/","https://housingconditionclaims.org/housing-disrepair/locations/gateshead/","200","true","true"
"https://www.sds-solicitors.com/housing-disrepair/locations/gillingham/","https://housingconditionclaims.org/housing-disrepair/locations/gillingham/","200","true","true"
"https://www.sds-solicitors.com/housing-disrepair/locations/gloucester/","https://housingconditionclaims.org/housing-disrepair/locations/gloucester/","200","true","true"
"https://www.sds-solicitors.com/housing-disrepair/locations/great-yarmouth/","https://housingconditionclaims.org/housing-disrepair/locations/great-yarmouth/","200","true","true"
"https://www.sds-solicitors.com/housing-disrepair/locations/grimsby/","https://housingconditionclaims.org/housing-disrepair/locations/grimsby/","200","true","true"
"https://www.sds-solicitors.com/housing-disrepair/locations/harlow/","https://housingconditionclaims.org/housing-disrepair/locations/harlow/","200","true","true"
"https://www.sds-solicitors.com/housing-disrepair/locations/hartlepool/","https://housingconditionclaims.org/housing-disrepair/locations/hartlepool/","200","true","true"
"https://www.sds-solicitors.com/housing-disrepair/locations/hastings/","https://housingconditionclaims.org/housing-disrepair/locations/hastings/","200","true","true"
"https://www.sds-solicitors.com/housing-disrepair/locations/hereford/","https://housingconditionclaims.org/housing-disrepair/locations/hereford/","200","true","true"
"https://www.sds-solicitors.com/housing-disrepair/locations/huddersfield/","https://housingconditionclaims.org/housing-disrepair/locations/huddersfield/","200","true","true"
"https://www.sds-solicitors.com/housing-disrepair/locations/hull/","https://housingconditionclaims.org/housing-disrepair/locations/hull/","200","true","true"
"https://www.sds-solicitors.com/housing-disrepair/locations/ipswich/","https://housingconditionclaims.org/housing-disrepair/locations/ipswich/","200","true","true"
"https://www.sds-solicitors.com/housing-disrepair/locations/kettering/","https://housingconditionclaims.org/housing-disrepair/locations/kettering/","200","true","true"
"https://www.sds-solicitors.com/housing-disrepair/locations/lancaster/","https://housingconditionclaims.org/housing-disrepair/locations/lancaster/","200","true","true"
"https://www.sds-solicitors.com/housing-disrepair/locations/leeds/","https://housingconditionclaims.org/housing-disrepair/locations/leeds/","200","true","true"
"https://www.sds-solicitors.com/housing-disrepair/locations/leicester/","https://housingconditionclaims.org/housing-disrepair/locations/leicester/","200","true","true"
"https://www.sds-solicitors.com/housing-disrepair/locations/lincoln/","https://housingconditionclaims.org/housing-disrepair/locations/lincoln/","200","true","true"
"https://www.sds-solicitors.com/housing-disrepair/locations/liverpool/","https://housingconditionclaims.org/housing-disrepair/locations/liverpool/","200","true","true"
"https://www.sds-solicitors.com/housing-disrepair/locations/london/","https://housingconditionclaims.org/housing-disrepair/locations/london/","200","true","true"
"https://www.sds-solicitors.com/housing-disrepair/locations/london/barking/","https://housingconditionclaims.org/housing-disrepair/locations/london/barking/","200","true","true"
"https://www.sds-solicitors.com/housing-disrepair/locations/london/brent/","https://housingconditionclaims.org/housing-disrepair/locations/london/brent/","200","true","true"
"https://www.sds-solicitors.com/housing-disrepair/locations/london/camden/","https://housingconditionclaims.org/housing-disrepair/locations/london/camden/","200","true","true"
"https://www.sds-solicitors.com/housing-disrepair/locations/london/croydon/","https://housingconditionclaims.org/housing-disrepair/locations/london/croydon/","200","true","true"
"https://www.sds-solicitors.com/housing-disrepair/locations/london/ealing/","https://housingconditionclaims.org/housing-disrepair/locations/london/ealing/","200","true","true"
"https://www.sds-solicitors.com/housing-disrepair/locations/london/enfield/","https://housingconditionclaims.org/housing-disrepair/locations/london/enfield/","200","true","true"
"https://www.sds-solicitors.com/housing-disrepair/locations/london/fulham/","https://housingconditionclaims.org/housing-disrepair/locations/london/fulham/","200","true","true"
"https://www.sds-solicitors.com/housing-disrepair/locations/london/greenwich/","https://housingconditionclaims.org/housing-disrepair/locations/london/greenwich/","200","true","true"
"https://www.sds-solicitors.com/housing-disrepair/locations/london/hackney/","https://housingconditionclaims.org/housing-disrepair/locations/london/hackney/","200","true","true"
"https://www.sds-solicitors.com/housing-disrepair/locations/london/hammersmith/","https://housingconditionclaims.org/housing-disrepair/locations/london/hammersmith/","200","true","true"
"https://www.sds-solicitors.com/housing-disrepair/locations/london/haringey/","https://housingconditionclaims.org/housing-disrepair/locations/london/haringey/","200","true","true"
"https://www.sds-solicitors.com/housing-disrepair/locations/london/havering/","https://housingconditionclaims.org/housing-disrepair/locations/london/havering/","200","true","true"
"https://www.sds-solicitors.com/housing-disrepair/locations/london/hounslow/","https://housingconditionclaims.org/housing-disrepair/locations/london/hounslow/","200","true","true"
"https://www.sds-solicitors.com/housing-disrepair/locations/london/islington/","https://housingconditionclaims.org/housing-disrepair/locations/london/islington/","200","true","true"
"https://www.sds-solicitors.com/housing-disrepair/locations/london/lambeth/","https://housingconditionclaims.org/housing-disrepair/locations/london/lambeth/","200","true","true"
"https://www.sds-solicitors.com/housing-disrepair/locations/london/lewisham/","https://housingconditionclaims.org/housing-disrepair/locations/london/lewisham/","200","true","true"
"https://www.sds-solicitors.com/housing-disrepair/locations/london/newham/","https://housingconditionclaims.org/housing-disrepair/locations/london/newham/","200","true","true"
"https://www.sds-solicitors.com/housing-disrepair/locations/london/redbridge/","https://housingconditionclaims.org/housing-disrepair/locations/london/redbridge/","200","true","true"
"https://www.sds-solicitors.com/housing-disrepair/locations/london/southwark/","https://housingconditionclaims.org/housing-disrepair/locations/london/southwark/","200","true","true"
"https://www.sds-solicitors.com/housing-disrepair/locations/london/tower-hamlets/","https://housingconditionclaims.org/housing-disrepair/locations/london/tower-hamlets/","200","true","true"
"https://www.sds-solicitors.com/housing-disrepair/locations/london/waltham-forest/","https://housingconditionclaims.org/housing-disrepair/locations/london/waltham-forest/","200","true","true"
"https://www.sds-solicitors.com/housing-disrepair/locations/london/wandsworth/","https://housingconditionclaims.org/housing-disrepair/locations/london/wandsworth/","200","true","true"
"https://www.sds-solicitors.com/housing-disrepair/locations/lowestoft/","https://housingconditionclaims.org/housing-disrepair/locations/lowestoft/","200","true","true"
"https://www.sds-solicitors.com/housing-disrepair/locations/luton/","https://housingconditionclaims.org/housing-disrepair/locations/luton/","200","true","true"
"https://www.sds-solicitors.com/housing-disrepair/locations/maidstone/","https://housingconditionclaims.org/housing-disrepair/locations/maidstone/","200","true","true"
"https://www.sds-solicitors.com/housing-disrepair/locations/manchester/","https://housingconditionclaims.org/housing-disrepair/locations/manchester/","200","true","true"
"https://www.sds-solicitors.com/housing-disrepair/locations/margate/","https://housingconditionclaims.org/housing-disrepair/locations/margate/","200","true","true"
"https://www.sds-solicitors.com/housing-disrepair/locations/middlesbrough/","https://housingconditionclaims.org/housing-disrepair/locations/middlesbrough/","200","true","true"
"https://www.sds-solicitors.com/housing-disrepair/locations/milton-keynes/","https://housingconditionclaims.org/housing-disrepair/locations/milton-keynes/","200","true","true"
"https://www.sds-solicitors.com/housing-disrepair/locations/newcastle/","https://housingconditionclaims.org/housing-disrepair/locations/newcastle/","200","true","true"
"https://www.sds-solicitors.com/housing-disrepair/locations/northampton/","https://housingconditionclaims.org/housing-disrepair/locations/northampton/","200","true","true"
"https://www.sds-solicitors.com/housing-disrepair/locations/norwich/","https://housingconditionclaims.org/housing-disrepair/locations/norwich/","200","true","true"
"https://www.sds-solicitors.com/housing-disrepair/locations/nottingham/","https://housingconditionclaims.org/housing-disrepair/locations/nottingham/","200","true","true"
"https://www.sds-solicitors.com/housing-disrepair/locations/nuneaton/","https://housingconditionclaims.org/housing-disrepair/locations/nuneaton/","200","true","true"
"https://www.sds-solicitors.com/housing-disrepair/locations/oldham/","https://housingconditionclaims.org/housing-disrepair/locations/oldham/","200","true","true"
"https://www.sds-solicitors.com/housing-disrepair/locations/peterborough/","https://housingconditionclaims.org/housing-disrepair/locations/peterborough/","200","true","true"
"https://www.sds-solicitors.com/housing-disrepair/locations/plymouth/","https://housingconditionclaims.org/housing-disrepair/locations/plymouth/","200","true","true"
"https://www.sds-solicitors.com/housing-disrepair/locations/portsmouth/","https://housingconditionclaims.org/housing-disrepair/locations/portsmouth/","200","true","true"
"https://www.sds-solicitors.com/housing-disrepair/locations/preston/","https://housingconditionclaims.org/housing-disrepair/locations/preston/","200","true","true"
"https://www.sds-solicitors.com/housing-disrepair/locations/reading/","https://housingconditionclaims.org/housing-disrepair/locations/reading/","200","true","true"
"https://www.sds-solicitors.com/housing-disrepair/locations/rochdale/","https://housingconditionclaims.org/housing-disrepair/locations/rochdale/","200","true","true"
"https://www.sds-solicitors.com/housing-disrepair/locations/rotherham/","https://housingconditionclaims.org/housing-disrepair/locations/rotherham/","200","true","true"
"https://www.sds-solicitors.com/housing-disrepair/locations/salford/","https://housingconditionclaims.org/housing-disrepair/locations/salford/","200","true","true"
"https://www.sds-solicitors.com/housing-disrepair/locations/sandwell/","https://housingconditionclaims.org/housing-disrepair/locations/sandwell/","200","true","true"
"https://www.sds-solicitors.com/housing-disrepair/locations/scunthorpe/","https://housingconditionclaims.org/housing-disrepair/locations/scunthorpe/","200","true","true"
"https://www.sds-solicitors.com/housing-disrepair/locations/sheffield/","https://housingconditionclaims.org/housing-disrepair/locations/sheffield/","200","true","true"
"https://www.sds-solicitors.com/housing-disrepair/locations/shrewsbury/","https://housingconditionclaims.org/housing-disrepair/locations/shrewsbury/","200","true","true"
"https://www.sds-solicitors.com/housing-disrepair/locations/slough/","https://housingconditionclaims.org/housing-disrepair/locations/slough/","200","true","true"
"https://www.sds-solicitors.com/housing-disrepair/locations/southampton/","https://housingconditionclaims.org/housing-disrepair/locations/southampton/","200","true","true"
"https://www.sds-solicitors.com/housing-disrepair/locations/southend-sea/","https://housingconditionclaims.org/housing-disrepair/locations/southend-sea/","200","true","true"
"https://www.sds-solicitors.com/housing-disrepair/locations/stevenage/","https://housingconditionclaims.org/housing-disrepair/locations/stevenage/","200","true","true"
"https://www.sds-solicitors.com/housing-disrepair/locations/stockport/","https://housingconditionclaims.org/housing-disrepair/locations/stockport/","200","true","true"
"https://www.sds-solicitors.com/housing-disrepair/locations/stoke-trent/","https://housingconditionclaims.org/housing-disrepair/locations/stoke-trent/","200","true","true"
"https://www.sds-solicitors.com/housing-disrepair/locations/sunderland/","https://housingconditionclaims.org/housing-disrepair/locations/sunderland/","200","true","true"
"https://www.sds-solicitors.com/housing-disrepair/locations/swindon/","https://housingconditionclaims.org/housing-disrepair/locations/swindon/","200","true","true"
"https://www.sds-solicitors.com/housing-disrepair/locations/tameside/","https://housingconditionclaims.org/housing-disrepair/locations/tameside/","200","true","true"
"https://www.sds-solicitors.com/housing-disrepair/locations/telford/","https://housingconditionclaims.org/housing-disrepair/locations/telford/","200","true","true"
"https://www.sds-solicitors.com/housing-disrepair/locations/truro/","https://housingconditionclaims.org/housing-disrepair/locations/truro/","200","true","true"
"https://www.sds-solicitors.com/housing-disrepair/locations/wakefield/","https://housingconditionclaims.org/housing-disrepair/locations/wakefield/","200","true","true"
"https://www.sds-solicitors.com/housing-disrepair/locations/walsall/","https://housingconditionclaims.org/housing-disrepair/locations/walsall/","200","true","true"
"https://www.sds-solicitors.com/housing-disrepair/locations/warrington/","https://housingconditionclaims.org/housing-disrepair/locations/warrington/","200","true","true"
"https://www.sds-solicitors.com/housing-disrepair/locations/watford/","https://housingconditionclaims.org/housing-disrepair/locations/watford/","200","true","true"
"https://www.sds-solicitors.com/housing-disrepair/locations/wigan/","https://housingconditionclaims.org/housing-disrepair/locations/wigan/","200","true","true"
"https://www.sds-solicitors.com/housing-disrepair/locations/wolverhampton/","https://housingconditionclaims.org/housing-disrepair/locations/wolverhampton/","200","true","true"
"https://www.sds-solicitors.com/housing-disrepair/locations/worcester/","https://housingconditionclaims.org/housing-disrepair/locations/worcester/","200","true","true"
"https://www.sds-solicitors.com/housing-disrepair/locations/worthing/","https://housingconditionclaims.org/housing-disrepair/locations/worthing/","200","true","true"
"https://www.sds-solicitors.com/housing-disrepair/locations/york/","https://housingconditionclaims.org/housing-disrepair/locations/york/","200","true","true"
"https://www.sds-solicitors.com/housing-disrepair/plumbing-drainage-claims/","https://housingconditionclaims.org/housing-disrepair/plumbing-drainage-claims/","200","true","true"
"https://www.sds-solicitors.com/housing-disrepair/roof-gutter-claims/","https://housingconditionclaims.org/housing-disrepair/roof-gutter-claims/","200","true","true"
"https://www.sds-solicitors.com/housing-disrepair/spray-foam-insulation-claims/","https://housingconditionclaims.org/housing-disrepair/spray-foam-insulation-claims/","200","true","true"
"https://www.sds-solicitors.com/housing-disrepair/unsafe-flooring-claims/","https://housingconditionclaims.org/housing-disrepair/unsafe-flooring-claims/","200","true","true"
"https://www.sds-solicitors.com/housing-disrepair/vermin-from-disrepair-claims/","https://housingconditionclaims.org/housing-disrepair/vermin-from-disrepair-claims/","200","true","true"
"https://www.sds-solicitors.com/housing-disrepair/windows-doors-claims/","https://housingconditionclaims.org/housing-disrepair/windows-doors-claims/","200","true","true"
"https://www.sds-solicitors.com/referral-bonus-scheme/","https://housingconditionclaims.org/referral-bonus-scheme/","200","true","true"
"https://www.sds-solicitors.com/referral-bonus-scheme/family-and-friends-bonus-terms-and-conditions/","https://housingconditionclaims.org/referral-bonus-scheme/family-and-friends-bonus-terms-and-conditions/","200","true","true"
"https://www.sds-solicitors.com/about-us/careers","https://housingconditionclaims.org/about-us/careers","200","true","true"
"https://www.sds-solicitors.com/about-us/case-studies/topic/359/housing-disrepair/","https://housingconditionclaims.org/about-us/case-studies/topic/359/housing-disrepair/","200","true","true"
"https://www.sds-solicitors.com/about-us/complaints","https://housingconditionclaims.org/about-us/complaints","200","true","true"
"https://www.sds-solicitors.com/about-us/cookies","https://housingconditionclaims.org/about-us/cookies","200","true","true"
"https://www.sds-solicitors.com/about-us/news","https://housingconditionclaims.org/about-us/news","200","true","true"
"https://www.sds-solicitors.com/about-us/news/topic/358/housing-disrepair/","https://housingconditionclaims.org/about-us/news/topic/358/housing-disrepair/","200","true","true"
"https://www.sds-solicitors.com/about-us/news/topic/78/about-sds/","https://housingconditionclaims.org/about-us/news/topic/78/about-sds/","200","true","true"
"https://www.sds-solicitors.com/about-us/our-people/alison-sherlock","https://housingconditionclaims.org/about-us/our-people/alison-sherlock","200","true","true"
"https://www.sds-solicitors.com/about-us/our-people/angela-brewis","https://housingconditionclaims.org/about-us/our-people/angela-brewis","200","true","true"
"https://www.sds-solicitors.com/about-us/our-people/blake-davidson","https://housingconditionclaims.org/about-us/our-people/blake-davidson","200","true","true"
"https://www.sds-solicitors.com/about-us/our-people/brian-tyrie","https://housingconditionclaims.org/about-us/our-people/brian-tyrie","200","true","true"
"https://www.sds-solicitors.com/about-us/our-people/corbyn-lewis","https://housingconditionclaims.org/about-us/our-people/corbyn-lewis","200","true","true"
"https://www.sds-solicitors.com/about-us/our-people/daisy-kerins","https://housingconditionclaims.org/about-us/our-people/daisy-kerins","200","true","true"
"https://www.sds-solicitors.com/about-us/our-people/dominique-stansfield","https://housingconditionclaims.org/about-us/our-people/dominique-stansfield","200","true","true"
"https://www.sds-solicitors.com/about-us/our-people/emma-farrington","https://housingconditionclaims.org/about-us/our-people/emma-farrington","200","true","true"
"https://www.sds-solicitors.com/about-us/our-people/hayley-garnet","https://housingconditionclaims.org/about-us/our-people/hayley-garnet","200","true","true"
"https://www.sds-solicitors.com/about-us/our-people/janine-watson","https://housingconditionclaims.org/about-us/our-people/janine-watson","200","true","true"
"https://www.sds-solicitors.com/about-us/our-people/jen-schofield","https://housingconditionclaims.org/about-us/our-people/jen-schofield","200","true","true"
"https://www.sds-solicitors.com/about-us/our-people/kaneesha-zendera","https://housingconditionclaims.org/about-us/our-people/kaneesha-zendera","200","true","true"
"https://www.sds-solicitors.com/about-us/our-people/karen-holt","https://housingconditionclaims.org/about-us/our-people/karen-holt","200","true","true"
"https://www.sds-solicitors.com/about-us/our-people/kate-sherlock","https://housingconditionclaims.org/about-us/our-people/kate-sherlock","200","true","true"
"https://www.sds-solicitors.com/about-us/our-people/katie-morgan","https://housingconditionclaims.org/about-us/our-people/katie-morgan","200","true","true"
"https://www.sds-solicitors.com/about-us/our-people/lauren-davies","https://housingconditionclaims.org/about-us/our-people/lauren-davies","200","true","true"
"https://www.sds-solicitors.com/about-us/our-people/michael-haycock","https://housingconditionclaims.org/about-us/our-people/michael-haycock","200","true","true"
"https://www.sds-solicitors.com/about-us/our-people/milena-bologan","https://housingconditionclaims.org/about-us/our-people/milena-bologan","200","true","true"
"https://www.sds-solicitors.com/about-us/our-people/modupe-somoye","https://housingconditionclaims.org/about-us/our-people/modupe-somoye","200","true","true"
"https://www.sds-solicitors.com/about-us/our-people/moyin-ajidagba","https://housingconditionclaims.org/about-us/our-people/moyin-ajidagba","200","true","true"
"https://www.sds-solicitors.com/about-us/our-people/sheldon-davidson","https://housingconditionclaims.org/about-us/our-people/sheldon-davidson","200","true","true"
"https://www.sds-solicitors.com/about-us/our-people/victoria-mccormack","https://housingconditionclaims.org/about-us/our-people/victoria-mccormack","200","true","true"
"https://www.sds-solicitors.com/about-us/our-people/william-webb","https://housingconditionclaims.org/about-us/our-people/william-webb","200","true","true"
"https://www.sds-solicitors.com/about-us/our-people/yulie-wagman","https://housingconditionclaims.org/about-us/our-people/yulie-wagman","200","true","true"
"https://www.sds-solicitors.com/about-us/privacy-policy","https://housingconditionclaims.org/about-us/privacy-policy","200","true","true"
"https://www.sds-solicitors.com/complaints/www.legalombudsman.org.uk","https://housingconditionclaims.org/complaints/www.legalombudsman.org.uk","200","true","true"
"https://www.sds-solicitors.com/complaints/www.ombudsman-services.org","https://housingconditionclaims.org/complaints/www.ombudsman-services.org","200","true","true"
"https://www.sds-solicitors.com/complaints/www.small-claims-mediation.co.uk","https://housingconditionclaims.org/complaints/www.small-claims-mediation.co.uk","200","true","true"
"https://www.sds-solicitors.com/contact-us","https://housingconditionclaims.org/contact-us","200","true","true"
"https://www.sds-solicitors.com/flooding-water-damage-claims/","https://housingconditionclaims.org/flooding-water-damage-claims/","200","true","true"
"https://www.sds-solicitors.com/housing-disrepair","https://housingconditionclaims.org/housing-disrepair","200","true","true"
"https://www.sds-solicitors.com/housing-disrepair/leaks-plumbing-drainage-claims/","https://housingconditionclaims.org/housing-disrepair/leaks-plumbing-drainage-claims/","200","true","true"
"https://www.sds-solicitors.com/privacy-policy/","https://housingconditionclaims.org/privacy-policy/","200","true","true"
"https://www.sds-solicitors.com/about-us/case-studies/?ccm_paging_p_b2385=2","https://housingconditionclaims.org/about-us/case-studies/?ccm_paging_p_b2385=2","200","true","true"
"https://www.sds-solicitors.com/about-us/case-studies/topic/359/housing-disrepair/?ccm_paging_p_b2385=2","https://housingconditionclaims.org/about-us/case-studies/topic/359/housing-disrepair/?ccm_paging_p_b2385=2","200","true","true"
"https://www.sds-solicitors.com/about-us/news/?ccm_paging_p_b1269=2","https://housingconditionclaims.org/about-us/news/?ccm_paging_p_b1269=2","200","true","true"
"https://www.sds-solicitors.com/about-us/news/topic/358/housing-disrepair/?ccm_paging_p_b1269=2","https://housingconditionclaims.org/about-us/news/topic/358/housing-disrepair/?ccm_paging_p_b1269=2","200","true","true"
"https://www.sds-solicitors.com/about-us/case-studies/?ccm_paging_p_b2385=1","https://housingconditionclaims.org/about-us/case-studies/?ccm_paging_p_b2385=1","200","true","true"
"https://www.sds-solicitors.com/about-us/case-studies/topic/359/housing-disrepair/?ccm_paging_p_b2385=1","https://housingconditionclaims.org/about-us/case-studies/topic/359/housing-disrepair/?ccm_paging_p_b2385=1","200","true","true"
"https://www.sds-solicitors.com/about-us/news/?ccm_paging_p_b1269=1","https://housingconditionclaims.org/about-us/news/?ccm_paging_p_b1269=1","200","true","true"
"https://www.sds-solicitors.com/about-us/news/topic/358/housing-disrepair/?ccm_paging_p_b1269=1","https://housingconditionclaims.org/about-us/news/topic/358/housing-disrepair/?ccm_paging_p_b1269=1","200","true","true"
